구군,읍면동,아파트명,평균매매가,분양면적,단지세대수,개별세대수,노후도,역세권점수,평균전세가,토지면적,문화시설수,쇼핑시설수,스타벅스,평균인구수,평균세대수,교육시설수,개발호재,평균혼인건수
남동구,논현동,주공2단지,253,76.03,1252,120,20.02,4,199,7.82,5,59,1,66981,26297,21,0,237
남동구,만수동,신동아,221,89.25,750,210,28.02,2,183,6.01,6,87,0,131757,52168,20,0,237
남동구,논현고잔동,에코메트로6단지한화꿈에그린,325,114.02,960,192,8,4,253,10.5,4,35,1,40601,14147,0,0,237
동구,송현동,송현주공,131,49.58,575,24,25.07,1,83,2.55,2,7,0,15846,6427,1,0,28
서구,검단동,하나2차,192,79.33,477,108,17.07,2,99,7.93,5,137,1,30647,12281,6,1,234
부평구,산곡동,푸르지오,421,109.28,765,152,7.02,0,386,3.6,7,45,0,94912,33872,19,0,238
부평구,삼산동,동남,145,79.33,138,6,29,2,95,3.08,2,36,1,70150,24954,12,0,238
연수구,송도동,송도더샵센트럴파크I,540,203.78,729,21,8.01,6,386,9.7,8,95,6,116156,38035,22,1,131
미추홀구,학익동,동아풍림,197,152.06,1480,320,19,0,136,5.87,5,40,1,55772,21565,10,0,196
서구,불로대곡동,백두,147,125.62,175,15,23,0,79,10.8,1,12,0,23627,8709,3,1,234
계양구,계양동,계양센트레빌1단지,333,111.27,715,145,5.1,3,265,30.45,4,63,0,88417,33845,13,0,132
중구,신흥동,삼익,153,115.7,434,63,39.02,1,99,3.52,2,16,0,14389,6288,4,0,58
서구,가좌동,신명2차,168,72.72,228,24,28,3,85,9.02,3,64,0,62390,25431,11,1,234
서구,가좌동,진주4단지,185,142.14,302,13,27.08,3,189,9.02,3,64,0,62390,25431,11,1,234
계양구,작전동,한화,218,82.64,179,179,20.1,1,172,1.8,3,39,1,56565,22155,7,0,132
동구,송현동,솔빛마을주공2차(201-203동),283,79.41,386,294,15,1,227,2.55,2,7,0,15846,6427,1,0,28
계양구,계산동,태평저층,231,56.19,432,168,28,2,160,4.55,5,91,1,84796,34699,17,0,132
미추홀구,용현동,대림,178,148.76,598,156,28.01,2,131,4.22,3,69,2,86717,36458,8,0,196
부평구,부평동,가나안미도4차,148,89.25,140,10,32.1,4,118,6.91,16,169,5,160052,69983,12,1,238
남동구,논현동,웰카운티,262,156.37,888,224,10.04,4,228,7.82,5,59,1,66981,26297,21,0,237
연수구,송도동,송도센트럴파크푸르지오,627,195.25,551,82,3.06,6,409,9.7,8,95,6,116156,38035,22,1,131
미추홀구,관교동,신비마을,187,69.42,510,370,24.09,1,144,0.89,2,13,0,17120,6544,6,0,196
서구,청라동,청라SKVIEW,353,161.25,879,90,7,1,242,2.28,3,63,2,87914,28647,9,1,234
남동구,논현고잔동,에코메트로11단지한화꿈에그린,288,164.69,1622,42,9.05,4,261,10.5,4,35,1,40601,14147,0,0,237
중구,송월동,송월,127,72.72,340,40,38.05,0,62,2,1,3,0,5045,2272,0,0,58
부평구,산곡동,스카이뷰숲,240,93.68,191,30,11.07,0,249,3.6,7,45,0,94912,33872,19,0,238
서구,석남동,동남,139,52.89,360,168,29.07,0,91,5.17,3,52,0,54919,23763,7,1,234
미추홀구,주안동,신비마을,189,85.95,450,150,23.12,4,128,6.18,12,147,1,153821,68743,9,0,196
미추홀구,학익동,원흥,206,109.09,396,176,22.01,0,177,5.87,5,40,1,55772,21565,10,0,196
남동구,논현동,단풍마을뜨란채11단지,284,106.57,898,236,12.04,4,235,7.82,5,59,1,66981,26297,21,0,237
서구,당하동,검단힐스테이트5차,314,106.75,412,112,5.09,2,192,3.49,1,15,1,50724,17599,9,1,234
서구,검단동,한일,168,102.47,252,48,27.02,2,76,7.93,5,137,1,30647,12281,6,1,234
남동구,논현동,소래풍림,258,79.33,1517,616,18.09,4,230,7.82,5,59,1,66981,26297,21,0,237
서구,청라동,청라한화꿈에그린,342,178.35,1172,116,6.09,1,227,2.28,3,63,2,87914,28647,9,1,234
중구,신포동,답동로얄맨션,141,142.14,166,14,21,0,90,1.82,8,9,0,5660,2901,6,0,58
남동구,서창동,인천서창LH7단지,270,157.42,1196,73,6.06,0,175,2.4,2,16,1,30436,11486,5,0,237
남동구,논현고잔동,에코메트로12단지한화꿈에그린,295,164.6,1298,40,9.05,4,212,10.5,4,35,1,40601,14147,0,0,237
미추홀구,학익동,엑슬루타워,258,162.68,707,76,8.04,0,175,5.87,5,40,1,55772,21565,10,0,196
미추홀구,학익동,엑슬루타워,350,85.02,707,109,8.04,0,244,5.87,5,40,1,55772,21565,10,0,196
서구,검단동,검단힐스테이트2차,256,156.13,309,1,8.09,2,176,7.93,5,137,1,30647,12281,6,1,234
부평구,일신동,부평자이,294,110.24,719,572,12.03,0,236,4.31,1,6,0,13912,5195,2,0,238
계양구,효성동,뉴서울5차,220,109.09,648,388,24,0,86,4.99,2,36,0,62311,23066,10,0,132
연수구,송도동,송도더샵마스터뷰21단지,527,113.91,692,28,3.04,6,318,9.7,8,95,6,116156,38035,22,1,131
계양구,효성동,대산,200,112.39,131,35,15.09,0,221,4.99,2,36,0,62311,23066,10,0,132
연수구,동춘동,한양2차,312,79.33,1440,720,23.04,2,252,3.4,4,22,3,57013,18287,12,0,131
서구,청라동,청라푸르지오,390,151.14,751,276,5.09,1,221,2.28,3,63,2,87914,28647,9,1,234
미추홀구,주안동,주안휴먼빌,184,105.78,99,62,12.05,4,138,6.18,12,147,1,153821,68743,9,0,196
미추홀구,학익동,신동아7차,187,148.76,510,150,24,0,207,5.87,5,40,1,55772,21565,10,0,196
서구,석남동,수정,164,59.5,144,72,29.08,0,97,5.17,3,52,0,54919,23763,7,1,234
남동구,간석동,한진,252,65.52,600,18,37.08,5,186,4.19,3,88,1,105259,44637,14,0,237
남동구,간석동,간석마을풍림아이원,376,74.52,922,334,14.03,5,210,4.19,3,88,1,105259,44637,14,0,237
계양구,계산동,하나,251,52.89,994,288,30.05,2,169,4.55,5,91,1,84796,34699,17,0,132
부평구,산곡동,한양2단지,322,102.47,720,6,33.07,0,195,3.6,7,45,0,94912,33872,19,0,238
부평구,삼산동,주공미래타운4단지,277,69.42,968,152,18.03,2,238,3.08,2,36,1,70150,24954,12,0,238
계양구,계양동,계양센트레빌3단지,294,153.04,454,12,5.05,3,229,30.45,4,63,0,88417,33845,13,0,132
미추홀구,용현동,"유원용현1,2차",190,102.47,941,120,29.02,2,151,4.22,3,69,2,86717,36458,8,0,196
연수구,연수동,우성2차,316,56.19,2044,528,23.08,2,271,1.52,10,56,1,66475,28753,11,0,131
서구,청라동,청라한화꿈에그린,348,130.88,1172,305,6.09,1,228,2.28,3,63,2,87914,28647,9,1,234
중구,신흥동,경남아너스빌,224,109.46,408,20,13.08,1,174,3.52,2,16,0,14389,6288,4,0,58
연수구,송도동,송도센트럴파크푸르지오,581,116.7,551,186,3.06,6,364,9.7,8,95,6,116156,38035,22,1,131
미추홀구,학익동,장미1차,230,76.03,580,120,34,0,164,5.87,5,40,1,55772,21565,10,0,196
연수구,동춘동,한양1차,219,161.98,1020,152,24,2,173,3.4,4,22,3,57013,18287,12,0,131
계양구,계산동,극동,247,62.81,629,240,33.05,2,146,4.55,5,91,1,84796,34699,17,0,132
연수구,동춘동,무지개마을,267,105.78,1068,534,23.04,2,232,3.4,4,22,3,57013,18287,12,0,131
중구,신흥동,현대IPARK,218,109.09,1330,602,16.02,1,197,3.52,2,16,0,14389,6288,4,0,58
부평구,부평동,건우,160,82.64,150,100,33.05,4,126,6.91,16,169,5,160052,69983,12,1,238
연수구,송도동,송도더샵마스터뷰23단지,684,182.71,478,56,3.04,6,407,9.7,8,95,6,116156,38035,22,1,131
서구,오류왕길동,검단자이2단지,251,111.7,413,26,8,4,185,15.56,3,39,0,24570,9054,2,0,234
서구,불로대곡동,퀸스타운신명,182,105.78,614,224,20,0,132,10.8,1,12,0,23627,8709,3,1,234
서구,가좌동,진주1단지,196,56.19,686,280,35.08,3,164,9.02,3,64,0,62390,25431,11,1,234
미추홀구,학익동,신동아6차,188,148.76,254,60,26.07,0,230,5.87,5,40,1,55772,21565,10,0,196
부평구,부개동,대진,280,56.19,258,180,30.01,3,160,2.79,3,48,0,75471,28699,17,0,238
계양구,계산동,현대,275,89.25,1248,306,26.1,2,217,4.55,5,91,1,84796,34699,17,0,132
부평구,부개동,부개역푸르지오,295,192.96,1054,42,8.11,3,214,2.79,3,48,0,75471,28699,17,0,238
서구,석남동,동진2차,144,66.11,48,48,29.01,0,79,5.17,3,52,0,54919,23763,7,1,234
동구,송림동,동산휴먼시아2단지,207,113.34,863,38,8.01,0,145,2.38,4,18,1,27154,11567,8,1,28
남동구,간석동,현대홈타운,217,158.99,649,86,15.08,5,186,4.19,3,88,1,105259,44637,14,0,237
계양구,효성동,삼보,190,89.25,135,40,34.01,0,111,4.99,2,36,0,62311,23066,10,0,132
연수구,송도동,송도더샵그린애비뉴8단지,446,114.43,540,90,6.05,6,310,9.7,8,95,6,116156,38035,22,1,131
서구,연희동,한국(302),192,79.42,392,152,23.1,1,121,9.5,3,38,1,45046,18754,13,0,234
남동구,간석동,두진,206,95.86,354,78,24,5,129,4.19,3,88,1,105259,44637,14,0,237
미추홀구,주안동,한신休플러스,261,103.53,494,58,12.03,4,184,6.18,12,147,1,153821,68743,9,0,196
남동구,구월동,해창,158,79.33,150,40,34.1,4,76,5.42,11,118,6,118108,48390,13,0,237
계양구,작전동,유호,196,105.78,299,174,23,1,184,1.8,3,39,1,56565,22155,7,0,132
서구,오류왕길동,검단풍림아이원,233,81.55,318,48,14.02,4,147,15.56,3,39,0,24570,9054,2,0,234
계양구,계산동,"팬더1,2차",214,56.19,504,12,29.03,2,151,4.55,5,91,1,84796,34699,17,0,132
중구,송월동,송월,154,85.95,340,60,38.05,0,73,2,1,3,0,5045,2272,0,0,58
남동구,논현고잔동,힐스테이트,306,147.26,594,118,8.01,4,215,10.5,4,35,1,40601,14147,0,0,237
부평구,삼산동,동남,157,92.56,138,6,29,2,104,3.08,2,36,1,70150,24954,12,0,238
미추홀구,용현동,한양1차,204,85.95,606,100,28,2,128,4.22,3,69,2,86717,36458,8,0,196
중구,연안동,라이프비취2차,151,56.19,854,196,28,0,84,4.7,0,8,0,7212,3610,1,0,58
계양구,계산동,신도브래뉴,302,115.84,481,40,13.07,2,151,4.55,5,91,1,84796,34699,17,0,132
미추홀구,주안동,진흥,225,128.92,828,96,23,4,183,6.18,12,147,1,153821,68743,9,0,196
미추홀구,용현동,윤성,194,92.56,368,80,25.06,2,115,4.22,3,69,2,86717,36458,8,0,196
부평구,부평동,건우,161,79.33,150,30,33.05,4,127,6.91,16,169,5,160052,69983,12,1,238
서구,신현원창동,신현e편한세상하늘채,213,206.28,3331,208,9.03,0,158,9.82,1,23,0,29127,10973,7,0,234
남동구,논현동,웰카운티,296,125.88,888,366,10.04,4,231,7.82,5,59,1,66981,26297,21,0,237
남동구,구월동,삼보,148,82.64,90,20,34.11,4,91,5.42,11,118,6,118108,48390,13,0,237
부평구,갈산동,정광,194,69.42,311,132,28.08,3,133,1.73,3,19,1,38996,15338,5,0,238
부평구,산곡동,금호이수마운트밸리,347,114.9,1365,640,11,0,212,3.6,7,45,0,94912,33872,19,0,238
남동구,만수동,만수11단지주공,234,75.96,902,180,21.01,2,266,6.01,6,87,0,131757,52168,20,0,237
부평구,부개동,주공7단지,310,79.33,957,300,20.05,3,242,2.79,3,48,0,75471,28699,17,0,238
부평구,부개동,대동(고층),281,102.47,686,686,27.08,3,167,2.79,3,48,0,75471,28699,17,0,238
계양구,작전동,풍림아이원,278,109.62,468,304,15.11,1,206,1.8,3,39,1,56565,22155,7,0,132
서구,신현원창동,은영,199,66.11,108,12,29.02,0,121,9.82,1,23,0,29127,10973,7,0,234
서구,오류왕길동,신명스카이뷰Dream,192,127.04,390,390,14,4,146,15.56,3,39,0,24570,9054,2,0,234
계양구,효성동,삼보,183,95.86,135,5,34.01,0,92,4.99,2,36,0,62311,23066,10,0,132
부평구,갈산동,동아,265,79.33,280,66,25.06,3,240,1.73,3,19,1,38996,15338,5,0,238
중구,신흥동,항운,294,59.5,497,5,38.05,1,34,3.52,2,16,0,14389,6288,4,0,58
남동구,간석동,덕산,190,109.09,62,16,23.06,5,118,4.19,3,88,1,105259,44637,14,0,237
미추홀구,학익동,신동아5차,272,82.64,594,72,25.06,0,221,5.87,5,40,1,55772,21565,10,0,196
미추홀구,용현동,성원상떼빌,253,106.7,550,550,9.1,2,164,4.22,3,69,2,86717,36458,8,0,196
부평구,청천동,쌍용,281,102.47,510,270,28.03,2,266,4.96,3,46,1,46738,18633,4,0,238
미추홀구,주안동,쌍용주안,275,89.25,768,75,33.04,4,174,6.18,12,147,1,153821,68743,9,0,196
미추홀구,용현동,진달래,166,49.58,130,30,37.07,2,173,4.22,3,69,2,86717,36458,8,0,196
계양구,효성동,신진,162,95.86,285,5,34,0,98,4.99,2,36,0,62311,23066,10,0,132
남동구,서창동,인천서창LH8단지,311,101.27,566,215,4.09,0,232,2.4,2,16,1,30436,11486,5,0,237
남동구,만수동,향촌휴먼시아2단지,285,114.1,438,4,6.07,2,171,6.01,6,87,0,131757,52168,20,0,237
남동구,간석동,한진,253,65.15,600,85,37.08,5,190,4.19,3,88,1,105259,44637,14,0,237
부평구,삼산동,신성미소지움,333,127.49,1030,420,13.07,2,188,3.08,2,36,1,70150,24954,12,0,238
동구,송현동,송현주공,157,92.56,575,30,25.07,1,96,2.55,2,7,0,15846,6427,1,0,28
남동구,서창동,인천서창LH11단지,283,115.023,938,16,6.09,0,235,2.4,2,16,1,30436,11486,5,0,237
남동구,만수동,효성상아1차,246,79.33,360,60,33.05,2,195,6.01,6,87,0,131757,52168,20,0,237
강화군,강화읍,설호,73,99.17,90,50,28.02,0,35,24.957,9,27,0,22882,9874,9,0,18
미추홀구,주안동,현대홈타운,263,87.55,443,170,16.01,4,217,6.18,12,147,1,153821,68743,9,0,196
서구,가정동,대진2차,168,59.5,94,46,28.04,2,76,2.6,5,17,0,37186,15556,4,1,234
계양구,효성동,뉴서울3차,180,102.66,542,88,25.04,0,106,4.99,2,36,0,62311,23066,10,0,132
서구,가좌동,범양,232,92.56,510,90,28.05,3,166,9.02,3,64,0,62390,25431,11,1,234
서구,불로대곡동,삼보해피하임2단지,219,145.95,482,76,11.01,0,140,10.8,1,12,0,23627,8709,3,1,234
서구,청라동,호반베르디움,378,112.37,745,255,7.1,1,231,2.28,3,63,2,87914,28647,9,1,234
중구,영종동,영종하늘도시동보노빌리티,319,109.62,585,75,6.05,1,151,31.58,1,30,0,37184,15227,6,1,58
연수구,옥련동,우성,315,79.33,498,206,22.03,1,243,2.15,4,31,0,44791,16553,10,0,131
부평구,부개동,동아,293,52.89,384,144,30.02,3,160,2.79,3,48,0,75471,28699,17,0,238
서구,검단동,하나1차,230,76.03,299,107,20.06,2,191,7.93,5,137,1,30647,12281,6,1,234
계양구,작전동,한신,215,82.64,259,88,27.02,1,188,1.8,3,39,1,56565,22155,7,0,132
서구,신현원창동,효성,179,89.25,452,104,27.11,0,145,9.82,1,23,0,29127,10973,7,0,234
미추홀구,학익동,현광1차,168,148.76,348,38,20.04,0,128,5.87,5,40,1,55772,21565,10,0,196
강화군,강화읍,현대,141,76.03,219,82,24.08,0,76,24.957,9,27,0,22882,9874,9,0,18
동구,송현동,삼부,145,79.33,90,40,33.05,1,62,2.55,2,7,0,15846,6427,1,0,28
동구,송현동,동부,174,49.58,1140,150,28.07,1,133,2.55,2,7,0,15846,6427,1,0,28
서구,연희동,극동늘푸른,227,79.33,998,480,21.04,1,158,9.5,3,38,1,45046,18754,13,0,234
미추홀구,숭의동,수봉,77,89.25,52,52,40,2,42,2.23,12,35,0,43040,19596,3,1,196
서구,가정동,인향,139,82.64,132,6,29,2,65,2.6,5,17,0,37186,15556,4,1,234
남동구,구월동,신세계,170,79.33,700,210,38.07,4,124,5.42,11,118,6,118108,48390,13,0,237
계양구,계산동,하나,245,56.19,994,550,30.05,2,161,4.55,5,91,1,84796,34699,17,0,132
남동구,만수동,만수주공3단지,315,59.5,510,48,31.01,2,227,6.01,6,87,0,131757,52168,20,0,237
미추홀구,용현동,삼익,201,84.47,168,85,39.08,2,71,4.22,3,69,2,86717,36458,8,0,196
남동구,구월동,구월힐스테이트1단지,278,111.6,5076,484,11.04,4,224,5.42,11,118,6,118108,48390,13,0,237
부평구,삼산동,주공미래타운1단지,281,82.64,608,580,18.05,2,238,3.08,2,36,1,70150,24954,12,0,238
남동구,만수동,주공4단지,241,89.25,2220,60,32.01,2,185,6.01,6,87,0,131757,52168,20,0,237
부평구,산곡동,수암,390,62.81,170,50,30.02,0,285,3.6,7,45,0,94912,33872,19,0,238
연수구,연수동,대명,227,105.78,108,54,25.05,2,194,1.52,10,56,1,66475,28753,11,0,131
미추홀구,도화동,원흥,219,33.05,76,76,30.1,2,53,3.84,4,39,0,44659,19691,12,1,196
계양구,효성동,대림,251,105.78,298,137,19.04,0,183,4.99,2,36,0,62311,23066,10,0,132
부평구,십정동,주공뜨란채,284,65.99,920,70,13.05,2,250,2.89,3,39,1,43149,19001,11,0,238
부평구,부개동,주공3단지,326,54.51,1724,267,22.02,3,264,2.79,3,48,0,75471,28699,17,0,238
서구,석남동,보광네오센스,185,89.25,100,50,15.05,0,90,5.17,3,52,0,54919,23763,7,1,234
연수구,연수동,연수푸르지오3단지,367,175.32,102,17,7.07,2,151,1.52,10,56,1,66475,28753,11,0,131
서구,가좌동,진흥,178,46.26,240,10,31.02,3,128,9.02,3,64,0,62390,25431,11,1,234
부평구,산곡동,푸르지오,493,79.08,765,41,7.02,0,389,3.6,7,45,0,94912,33872,19,0,238
계양구,계산동,초정마을동아,303,119,616,440,21.01,2,248,4.55,5,91,0,84796,34699,17,0,132
중구,신흥동,풍림,224,79.33,299,135,21.09,1,170,3.52,2,16,0,14389,6288,4,0,58
중구,운서동,영종주공스카이빌7단지,194,69.42,295,179,16.07,3,126,58.11,3,41,8,24724,11374,9,1,58
연수구,선학동,태산,211,79.33,300,180,27.06,3,158,2.41,3,14,0,19298,8223,2,0,131
연수구,청학동,동남,142,56.19,131,54,30.01,0,79,2.39,7,30,0,28698,12722,4,0,131
연수구,청학동,연수푸르지오4단지,367,177.73,107,18,7.07,0,256,2.39,7,30,0,28698,12722,4,0,131
남동구,논현동,신일해피트리,251,161.32,828,400,11.07,4,231,7.82,5,59,1,66981,26297,21,0,237
서구,검단동,검단힐스테이트1단지,234,110.99,348,18,8.01,2,171,7.93,5,137,1,30647,12281,6,1,234
남동구,논현동,주공2단지,265,52.89,1252,134,20.02,4,206,7.82,5,59,1,66981,26297,21,0,237
남동구,구월동,롯데캐슬골드2단지,322,111.64,3384,550,11.04,4,260,5.42,11,118,6,118108,48390,13,0,237
미추홀구,도화동,태화,172,85.95,180,10,34.08,2,70,3.84,4,39,0,44659,19691,12,1,196
부평구,산곡동,"우성1,2,3차",266,69.42,1980,405,29.02,0,233,3.6,7,45,0,94912,33872,19,0,238
연수구,송도동,송도더샵마스터뷰21단지,556,157.24,692,113,3.04,6,320,9.7,8,95,6,116156,38035,22,1,131
연수구,옥련동,백산1차,221,82.64,307,244,24.02,1,188,2.15,4,31,0,44791,16553,10,0,131
중구,영종동,영종하늘도시우미린1단지,275,82.86,1680,221,6.03,1,175,31.58,1,30,0,37184,15227,6,1,58
서구,석남동,서인천월드메르디앙,300,79.98,778,172,12.04,0,213,5.17,3,52,0,54919,23763,7,1,234
서구,석남동,롯데우람,219,66.11,320,180,33,0,88,5.17,3,52,0,54919,23763,7,1,234
남동구,서창동,인천서창LH7단지,294,110.531,1196,76,6.06,0,231,2.4,2,16,1,30436,11486,5,0,237
연수구,동춘동,삼성,234,138.84,540,60,25.04,2,191,3.4,4,22,3,57013,18287,12,0,131
부평구,삼산동,엠코타운,339,111.97,708,240,11.04,2,281,3.08,2,36,1,70150,24954,12,0,238
연수구,송도동,송도더샵센트럴파크Ⅱ,477,181.45,632,44,7.04,6,358,9.7,8,95,6,116156,38035,22,1,131
남동구,서창동,인천서창LH7단지,276,132.412,1196,51,6.06,0,196,2.4,2,16,1,30436,11486,5,0,237
부평구,산곡동,푸르지오,379,142.53,765,117,7.02,0,317,3.6,7,45,0,94912,33872,19,0,238
연수구,청학동,청량,160,59.5,50,50,34,0,109,2.39,7,30,0,28698,12722,4,0,131
서구,오류왕길동,검단자이1단지,246,115.02,418,70,8,4,137,15.56,3,39,0,24570,9054,2,0,234
서구,석남동,중앙2차,151,62.81,80,5,33.01,0,72,5.17,3,52,0,54919,23763,7,1,234
미추홀구,관교동,쌍용관교,251,105.78,464,464,27.05,1,203,0.89,2,13,0,17120,6544,6,0,196
연수구,송도동,송도웰카운티1단지,466,134.14,980,3,10.1,6,308,9.7,8,95,6,116156,38035,22,1,131
서구,청라동,청라자이,338,145,884,66,8.06,1,220,2.28,3,63,2,87914,28647,9,1,234
미추홀구,용현동,금호2단지1차,233,128.92,640,80,19.01,2,153,4.22,3,69,2,86717,36458,8,0,196
연수구,연수동,우성1차,249,125.62,1088,714,23,2,215,1.52,10,56,1,66475,28753,11,0,131
부평구,부개동,동아,292,49.58,384,24,30.02,3,160,2.79,3,48,0,75471,28699,17,0,238
중구,신흥동,풍림,157,185.12,299,4,21.09,1,105,3.52,2,16,0,14389,6288,4,0,58
부평구,부개동,오성,251,69.67,165,25,34.04,3,156,2.79,3,48,0,75471,28699,17,0,238
계양구,계산동,태산저층,199,52.89,408,119,28.05,2,170,4.55,5,91,1,84796,34699,17,0,132
남동구,논현고잔동,에코메트로5단지한화꿈에그린,325,153.92,1052,76,8,4,254,10.5,4,35,1,40601,14147,0,0,237
남동구,논현동,주공13단지,325,78.42,785,416,12.06,4,254,7.82,5,59,1,66981,26297,21,0,237
서구,석남동,동남,146,66.11,360,96,29.07,0,94,5.17,3,52,0,54919,23763,7,1,234
동구,송현동,삼부,138,72.72,90,50,33.05,1,57,2.55,2,7,0,15846,6427,1,0,28
서구,석남동,금호어울림2차,257,80.63,91,45,10,0,180,5.17,3,52,0,54919,23763,7,1,234
부평구,산곡동,"우성1,2,3차",263,102.47,1980,240,29.02,0,193,3.6,7,45,0,94912,33872,19,0,238
부평구,삼산동,벽산블루밍,317,105.78,412,15,13,2,269,3.08,2,36,1,70150,24954,12,0,238
중구,신포동,삼성,173,158.67,270,94,17.06,0,136,1.82,8,9,0,5660,2901,6,0,58
계양구,효성동,동아,172,72.72,270,125,32.07,0,122,4.99,2,36,0,62311,23066,10,0,132
동구,만석동,만석2차,141,49.58,100,95,31.11,0,158,1.15,0,1,0,7702,3287,0,0,28
미추홀구,숭의동,한화꿈에그린,243,72,405,39,11.1,2,180,2.23,12,35,0,43040,19596,3,1,196
미추홀구,도화동,삼원,176,59.5,60,30,33.05,2,67,3.84,4,39,0,44659,19691,12,1,196
남동구,논현동,인천논현휴먼시아숲속마을1단지,279,112.97,872,96,9.06,4,263,7.82,5,59,1,66981,26297,21,0,237
부평구,청천동,무지개,182,112.39,220,100,25.09,2,160,4.96,3,46,1,46738,18633,4,0,238
계양구,계양동,동양지구휴먼빌,276,110.64,466,317,11.02,3,235,30.45,4,63,0,88417,33845,13,0,132
서구,석남동,신광2차,147,62.81,191,1,21.11,0,74,5.17,3,52,0,54919,23763,7,1,234
계양구,효성동,금호어울림,302,76.21,410,147,13.04,0,256,4.99,2,36,0,62311,23066,10,0,132
남동구,만수동,주공1단지,262,49.58,516,72,32.01,2,202,6.01,6,87,0,131757,52168,20,0,237
서구,석남동,대명,147,59.5,184,112,20.07,0,92,5.17,3,52,0,54919,23763,7,1,234
연수구,옥련동,삼성,306,79.33,612,402,22.09,1,246,2.15,4,31,0,44791,16553,10,0,131
서구,당하동,태평,245,82.64,528,144,20.03,2,206,3.49,1,15,1,50724,17599,9,1,234
계양구,계산동,계산주공,273,59.5,1140,60,27.08,2,227,4.55,5,91,1,84796,34699,17,0,132
동구,송현동,송현2차,183,62.81,400,130,35.08,1,123,2.55,2,7,0,15846,6427,1,0,28
부평구,부평동,창보,290,82.64,202,60,19.12,4,250,6.91,16,169,5,160052,69983,12,1,238
미추홀구,숭의동,파란마을,171,99.17,54,30,13.05,2,116,2.23,12,35,0,43040,19596,3,1,196
남동구,구월동,구월아시아드선수촌센트럴자이,389,133.73,850,114,3.06,4,299,5.42,11,118,6,118108,48390,13,0,237
서구,신현원창동,은영,199,66.11,108,36,29.02,0,121,9.82,1,23,0,29127,10973,7,0,234
부평구,삼산동,광명12차,193,95.86,456,36,28.05,2,144,3.08,2,36,1,70150,24954,12,0,238
미추홀구,학익동,신동아7차,254,102.47,510,168,24,0,158,5.87,5,40,1,55772,21565,10,0,196
남동구,간석동,간석래미안자이,382,112.56,2432,540,10.1,5,228,4.19,3,88,1,105259,44637,14,0,237
서구,가정동,하나1차,170,105.78,252,96,29.01,2,99,2.6,5,17,0,37186,15556,4,1,234
동구,만석동,만석2차,141,49.58,100,5,31.11,0,150,1.15,0,1,0,7702,3287,0,0,28
서구,석남동,신광2차,144,72.72,191,25,21.11,0,58,5.17,3,52,0,54919,23763,7,1,234
계양구,계양동,아주,182,72.72,480,240,27.08,3,134,30.45,4,63,0,88417,33845,13,0,132
미추홀구,용현동,한국,175,128.92,298,24,22,2,163,4.22,3,69,2,86717,36458,8,0,196
서구,가좌동,라일실크빌,239,92.1,101,67,10.01,3,189,9.02,3,64,0,62390,25431,11,1,234
부평구,산곡동,한양2단지,322,102.47,720,32,33.07,0,195,3.6,7,45,0,94912,33872,19,0,238
부평구,삼산동,주공미래타운2단지,254,72.72,684,595,18.02,2,235,3.08,2,36,1,70150,24954,12,0,238
연수구,옥련동,쌍용,225,152.06,574,91,20.04,1,158,2.15,4,31,0,44791,16553,10,0,131
부평구,부개동,대동,293,52.89,708,144,29.08,3,214,2.79,3,48,0,75471,28699,17,0,238
중구,운서동,영종1차어울림,238,155.14,328,210,9.1,3,145,58.11,3,41,8,24724,11374,9,1,58
남동구,만수동,주공2단지,236,88.81,1920,300,31.05,2,167,6.01,6,87,0,131757,52168,20,0,237
서구,검단동,목화,181,59.5,300,80,28.04,2,107,7.93,5,137,1,30647,12281,6,1,234
부평구,산곡동,"우성1,2,3차",263,89.25,1980,450,29.02,0,229,3.6,7,45,0,94912,33872,19,0,238
연수구,동춘동,럭키,245,138.84,540,60,25.01,2,216,3.4,4,22,3,57013,18287,12,0,131
계양구,계양동,동양우남푸르미아,305,109.74,158,74,7,3,241,30.45,4,63,0,88417,33845,13,0,132
중구,송월동,송월,139,59.5,340,60,38.05,0,63,2,1,3,0,5045,2272,0,0,58
남동구,간석동,우성,262,92.56,1050,390,28.05,5,122,4.19,3,88,1,105259,44637,14,0,237
중구,연안동,라이프비취1차,177,95.86,546,100,38.09,0,92,4.7,0,8,0,7212,3610,1,0,58
서구,석남동,경남아너스빌,222,105.78,471,84,12.01,0,174,5.17,3,52,0,54919,23763,7,1,234
미추홀구,주안동,가람,182,66.11,119,50,30.07,4,129,6.18,12,147,1,153821,68743,9,0,196
서구,석남동,동아,162,92.56,110,30,34.01,0,81,5.17,3,52,0,54919,23763,7,1,234
부평구,부개동,대동,281,69.42,708,60,29.08,3,172,2.79,3,48,0,75471,28699,17,0,238
남동구,만수동,향촌휴먼시아1단지,310,99.98,3208,212,7.07,2,264,6.01,6,87,0,131757,52168,20,0,237
남동구,논현동,단풍마을뜨란채11단지,283,106.822,898,40,12.04,4,234,7.82,5,59,1,66981,26297,21,0,237
서구,청라동,청라우미린,347,112.41,200,67,7.02,1,223,2.28,3,63,2,87914,28647,9,1,234
계양구,효성동,대신,167,62.81,120,18,29.06,0,188,4.99,2,36,0,62311,23066,10,0,132
연수구,동춘동,동춘마을,271,79.33,930,930,24.06,2,221,3.4,4,22,3,57013,18287,12,0,131
연수구,옥련동,삼성,260,105.78,612,210,22.09,1,203,2.15,4,31,0,44791,16553,10,0,131
연수구,옥련동,아주1차,177,251.24,384,2,21.04,1,93,2.15,4,31,0,44791,16553,10,0,131
서구,검단동,검단힐스테이트2차,265,170.13,309,12,8.09,2,186,7.93,5,137,1,30647,12281,6,1,234
서구,가좌동,진주2단지,190,135.53,644,168,35.09,3,176,9.02,3,64,0,62390,25431,11,1,234
부평구,삼산동,주공미래타운4단지,287,82.64,968,320,18.03,2,239,3.08,2,36,1,70150,24954,12,0,238
계양구,계양동,아주,187,69.42,468,84,29.03,3,133,30.45,4,63,0,88417,33845,13,0,132
서구,검암경서동,풍림아이원3차,298,82.26,341,154,14.05,3,243,15.23,2,43,0,46090,18491,10,1,234
부평구,산곡동,경남3차,255,105.78,916,420,26.01,0,203,3.6,7,45,0,94912,33872,19,0,238
서구,가정동,한국,146,185.12,620,40,26,2,95,2.6,5,17,0,37186,15556,4,1,234
서구,연희동,대동,243,95.86,1048,88,22.07,1,183,9.5,3,38,1,45046,18754,13,0,234
동구,송림동,동산휴먼시아2단지,213,143.33,863,19,8.01,0,155,2.38,4,18,1,27154,11567,8,1,28
연수구,송도동,송도더샵마스터뷰23단지,525,157.02,478,59,3.04,6,299,9.7,8,95,6,116156,38035,22,1,131
서구,검암경서동,마젤란21,307,109.12,176,138,12.06,3,229,15.23,2,43,0,46090,18491,10,1,234
남동구,논현고잔동,에코메트로5단지한화꿈에그린,337,114.37,1052,56,8,4,205,10.5,4,35,1,40601,14147,0,0,237
남동구,간석동,한진,252,65.46,600,188,37.08,5,189,4.19,3,88,1,105259,44637,14,0,237
중구,연안동,라이프비취3차,142,102.47,608,60,28,0,77,4.7,0,8,0,7212,3610,1,0,58
남동구,논현고잔동,에코메트로12단지한화꿈에그린,283,194.41,1298,46,9.05,4,195,10.5,4,35,1,40601,14147,0,0,237
남동구,논현고잔동,에코메트로11단지한화꿈에그린,308,142.89,1622,154,9.05,4,220,10.5,4,35,1,40601,14147,0,0,237
부평구,부평동,신성미소지움,232,107.98,298,175,13.06,4,171,6.91,16,169,5,160052,69983,12,1,238
동구,송현동,송현주공,131,49.58,575,59,25.07,1,85,2.55,2,7,0,15846,6427,1,0,28
부평구,삼산동,부영,174,66.11,280,40,34.04,2,95,3.08,2,36,1,70150,24954,12,0,238
부평구,산곡동,한양2단지,339,82.64,720,12,33.07,0,218,3.6,7,45,0,94912,33872,19,0,238
계양구,계산동,하나,257,66.11,994,108,30.05,2,185,4.55,5,91,1,84796,34699,17,0,132
서구,검암경서동,신명스카이뷰Ⅲ,327,80.27,282,62,14.07,3,280,15.23,2,43,0,46090,18491,10,1,234
계양구,효성동,신한,227,79.33,324,160,21.11,0,164,4.99,2,36,0,62311,23066,10,0,132
계양구,계양동,대창센시티,292,85.71,187,84,12.07,3,239,30.45,4,63,0,88417,33845,13,0,132
미추홀구,학익동,신동아3차,272,82.64,894,108,28.1,0,221,5.87,5,40,1,55772,21565,10,0,196
남동구,논현고잔동,에코메트로11단지한화꿈에그린,304,131.77,1622,174,9.05,4,206,10.5,4,35,1,40601,14147,0,0,237
남동구,간석동,우성,268,72.72,1050,210,28.05,5,134,4.19,3,88,1,105259,44637,14,0,237
연수구,연수동,경남,269,105.78,620,374,25.07,2,232,1.52,10,56,1,66475,28753,11,0,131
연수구,연수동,대동,309,72.72,768,384,25.07,2,248,1.52,10,56,1,66475,28753,11,0,131
동구,송림동,동산휴먼시아2단지,204,115.36,863,57,8.01,0,129,2.38,4,18,1,27154,11567,8,1,28
부평구,부개동,부개역동도센트리움,373,60.4,217,56,4.02,3,131,2.79,3,48,0,75471,28699,17,0,238
서구,연희동,경남,206,109.09,232,81,20.01,1,156,9.5,3,38,1,45046,18754,13,0,234
서구,검단동,서해,168,76.03,464,110,26,2,105,7.93,5,137,1,30647,12281,6,1,234
부평구,부개동,대동,286,59.5,708,108,29.08,3,180,2.79,3,48,0,75471,28699,17,0,238
미추홀구,주안동,시영,184,46.28,110,50,32,4,113,6.18,12,147,1,153821,68743,9,0,196
부평구,산곡동,한양2단지,339,82.64,720,24,33.07,0,218,3.6,7,45,0,94912,33872,19,0,238
남동구,간석동,덕산,207,76.03,62,38,23.06,5,125,4.19,3,88,1,105259,44637,14,0,237
계양구,계산동,용종신대진,303,102.47,562,402,21.04,2,232,4.55,5,91,0,84796,34699,17,0,132
계양구,효성동,백영,209,85.95,208,133,22.07,0,86,4.99,2,36,0,62311,23066,10,0,132
부평구,산곡동,한양2단지,339,82.64,720,8,33.07,0,218,3.6,7,45,0,94912,33872,19,0,238
서구,가좌동,한신休플러스,299,81.88,2276,542,11.02,3,82,9.02,3,64,0,62390,25431,11,1,234
서구,청라동,청라호반베르디움,356,112.25,2134,776,6.05,1,280,2.28,3,63,2,87914,28647,9,1,234
계양구,계산동,은행삼보,303,112.39,436,260,20.04,2,160,4.55,5,91,1,84796,34699,17,0,132
미추홀구,용현동,금동,161,52.89,57,55,15.12,2,104,4.22,3,69,2,86717,36458,8,0,196
계양구,계양동,계양센트레빌1단지,332,111.42,715,221,5.1,3,265,30.45,4,63,0,88417,33845,13,0,132
남동구,간석동,극동,312,52.89,760,96,29.07,5,205,4.19,3,88,1,105259,44637,14,0,237
부평구,갈산동,대성유니드,244,109.68,247,120,11.08,3,201,1.73,3,19,1,38996,15338,5,0,238
부평구,삼산동,삼산타운1단지,412,80.01,1873,51,13.06,2,337,3.08,2,36,1,70150,24954,12,0,238
서구,가좌동,쌍마,161,79.33,160,40,32.07,3,82,9.02,3,64,0,62390,25431,11,1,234
남동구,남촌도림동,풍림2차,209,109.09,319,103,20.03,0,156,9.76,1,13,0,23584,9250,3,0,237
서구,당하동,원당풍림아이원,265,81.22,1739,415,14.03,2,209,3.49,1,15,1,50724,17599,9,1,234
서구,당하동,풍림아이원,205,109.68,207,56,7.09,2,71,3.49,1,15,1,50724,17599,9,1,234
서구,가좌동,동남,172,72.72,160,75,32.06,3,86,9.02,3,64,0,62390,25431,11,1,234
남동구,구월동,중앙,168,102.47,40,5,34.08,4,63,5.42,11,118,6,118108,48390,13,0,237
동구,화수동,화도진그린빌,215,85.95,365,58,17.01,0,180,0.61,2,13,0,15690,6859,2,1,28
남동구,만수동,향촌휴먼시아1단지,324,83.43,3208,25,7.07,2,264,6.01,6,87,0,131757,52168,20,0,237
남동구,간석동,동국,217,79.33,120,30,36,5,244,4.19,3,88,1,105259,44637,14,0,237
서구,연희동,한국(302),179,152.51,392,76,23.1,1,95,9.5,3,38,1,45046,18754,13,0,234
서구,석남동,덕산,202,89.25,252,84,28.07,0,120,5.17,3,52,0,54919,23763,7,1,234
미추홀구,주안동,연흥(8동),186,72.72,235,95,33,4,110,6.18,12,147,1,153821,68743,9,0,196
부평구,갈산동,갈산주공1단지,267,56.19,1650,360,26.02,3,222,1.73,3,19,1,38996,15338,5,0,238
서구,가좌동,진주3단지,256,59.5,798,7,29,3,148,9.02,3,64,0,62390,25431,11,1,234
부평구,갈산동,한국,255,105.78,280,108,25.07,3,213,1.73,3,19,1,38996,15338,5,0,238
서구,오류왕길동,검단자이1단지,290,163.57,418,56,8,4,167,15.56,3,39,0,24570,9054,2,0,234
부평구,부평동,래미안부평,435,111.51,1381,16,4.03,4,336,6.91,16,169,5,160052,69983,12,1,238
동구,만석동,만석1차,131,49.58,125,125,33.01,0,153,1.15,0,1,0,7702,3287,0,0,28
서구,오류왕길동,원흥,164,79.33,354,168,25.06,4,105,15.56,3,39,0,24570,9054,2,0,234
계양구,계양동,계양센트레빌1단지,308,131.57,715,87,5.1,3,247,30.45,4,63,0,88417,33845,13,0,132
계양구,작전동,도두리마을동보,295,33.05,1276,208,22,1,258,1.8,3,39,1,56565,22155,7,0,132
미추홀구,용현동,윤성,197,109.09,368,108,25.06,2,145,4.22,3,69,2,86717,36458,8,0,196
중구,연안동,라이프비취2차,144,69.42,854,28,28,0,65,4.7,0,8,0,7212,3610,1,0,58
미추홀구,주안동,진흥,208,148.76,828,96,23,4,175,6.18,12,147,1,153821,68743,9,0,196
계양구,계산동,계산주공,289,56.19,1140,270,27.08,2,246,4.55,5,91,1,84796,34699,17,0,132
미추홀구,주안동,남광로얄,172,85.95,469,35,38.09,4,137,6.18,12,147,1,153821,68743,9,0,196
미추홀구,용현동,신창미션힐,263,106.4,821,388,14.07,2,139,4.22,3,69,2,86717,36458,8,0,196
남동구,논현동,신일해피트리,348,230.09,828,4,11.07,4,215,7.82,5,59,1,66981,26297,21,0,237
남동구,논현고잔동,에코메트로10단지한화꿈에그린,329,250.83,556,60,8,4,243,10.5,4,35,1,40601,14147,0,0,237
남동구,장수서창동,서창자이,287,113.25,500,60,10,2,225,13.97,4,33,1,17742,6450,0,0,237
서구,당하동,풍림아이원1차,262,87.63,442,188,14.08,2,223,3.49,1,15,1,50724,17599,9,1,234
서구,당하동,검단힐스테이트6차,330,110.72,454,123,5.01,2,172,3.49,1,15,1,50724,17599,9,1,234
미추홀구,도화동,신태양3차,158,69.42,175,65,35,2,58,3.84,4,39,0,44659,19691,12,1,196
서구,당하동,당하풍림아이원2차,305,83.57,400,80,14.02,2,236,3.49,1,15,1,50724,17599,9,1,234
미추홀구,주안동,쌍용주안,249,102.47,768,72,33.04,4,171,6.18,12,147,1,153821,68743,9,0,196
부평구,산곡동,현대3차,269,89.25,1200,210,29.03,0,224,3.6,7,45,0,94912,33872,19,0,238
남동구,장수서창동,임광그대家,221,159.58,666,260,11.1,0,163,13.97,4,33,1,17742,6450,0,0,237
연수구,연수동,성일,215,82.64,414,222,24.02,2,175,1.52,10,56,1,66475,28753,11,0,131
계양구,계산동,"팬더1,2차",201,62.81,504,150,29.03,2,131,4.55,5,91,1,84796,34699,17,0,132
미추홀구,주안동,쌍용주안,260,76.03,768,75,33.04,4,171,6.18,12,147,1,153821,68743,9,0,196
연수구,송도동,송도더샵센트럴파크I,484,171.99,729,84,8.01,6,373,9.7,8,95,6,116156,38035,22,1,131
계양구,효성동,대산,215,85.95,131,33,15.09,0,182,4.99,2,36,0,62311,23066,10,0,132
동구,송현동,삼두1차,146,95.86,264,96,35.03,1,92,2.55,2,7,0,15846,6427,1,0,28
계양구,효성동,유승그린,218,82.64,279,279,22.01,0,188,4.99,2,36,0,62311,23066,10,0,132
연수구,송도동,더샵엑스포9단지,469,105.47,520,48,9.03,6,311,9.7,8,95,6,116156,38035,22,1,131
남동구,장수서창동,태평2차,211,92.56,577,74,21,0,178,13.97,4,33,1,17742,6450,0,0,237
부평구,갈산동,정광,186,79.33,311,120,28.08,3,119,1.73,3,19,1,38996,15338,5,0,238
서구,석남동,금호어울림2차,243,127.52,91,15,10,0,107,5.17,3,52,0,54919,23763,7,1,234
계양구,효성동,중앙,159,62.81,168,6,29.01,0,98,4.99,2,36,0,62311,23066,10,0,132
부평구,부평동,한국,232,105.78,180,70,20.06,4,180,6.91,16,169,5,160052,69983,12,1,238
동구,송림동,풍림아이원,274,77.69,1355,494,10.02,0,238,2.38,4,18,1,27154,11567,8,1,28
부평구,삼산동,주공미래타운3단지,254,72.72,946,14,18.04,2,227,3.08,2,36,1,70150,24954,12,0,238
연수구,연수동,연수시영1차,234,69.42,1370,220,26.07,2,191,1.52,10,56,1,66475,28753,11,0,131
미추홀구,주안동,"광명1,2차",184,92.56,180,60,36.02,4,116,6.18,12,147,1,153821,68743,9,0,196
미추홀구,도화동,대성유니드,245,141.02,265,38,4.1,2,174,3.84,4,39,0,44659,19691,12,1,196
서구,가좌동,삼영,164,76.03,190,104,33.09,3,85,9.02,3,64,0,62390,25431,11,1,234
미추홀구,용현동,한양1차,162,142.14,606,52,28,2,112,4.22,3,69,2,86717,36458,8,0,196
중구,운서동,영종주공스카이빌10단지,339,69.42,740,382,17.05,3,243,58.11,3,41,8,24724,11374,9,1,58
계양구,효성동,하나,202,128.92,498,72,22.02,0,147,4.99,2,36,0,62311,23066,10,0,132
미추홀구,주안동,신비마을,209,69.42,450,300,23.12,4,137,6.18,12,147,1,153821,68743,9,0,196
남동구,만수동,주공6단지,268,42.97,800,440,32.01,2,156,6.01,6,87,0,131757,52168,20,0,237
부평구,산곡동,현대2차,269,82.64,1496,180,30.08,0,205,3.6,7,45,0,94912,33872,19,0,238
남동구,구월동,우정,189,59.5,140,1,35.04,4,101,5.42,11,118,6,118108,48390,13,0,237
계양구,계산동,뉴서울,216,69.42,92,46,25,2,175,4.55,5,91,1,84796,34699,17,0,132
미추홀구,학익동,엑슬루타워,302,129.24,707,135,8.04,0,234,5.87,5,40,1,55772,21565,10,0,196
미추홀구,용현동,한양1차,216,102.47,606,354,28,2,151,4.22,3,69,2,86717,36458,8,0,196
미추홀구,용현동,"유원용현1,2차",160,135.53,941,86,29.02,2,151,4.22,3,69,2,86717,36458,8,0,196
계양구,효성동,성지,189,79.33,98,18,25.02,0,106,4.99,2,36,0,62311,23066,10,0,132
부평구,청천동,미도7차,237,76.03,384,192,29.1,2,185,4.96,3,46,1,46738,18633,4,0,238
서구,가좌동,세우,163,82.64,180,120,34.06,3,79,9.02,3,64,0,62390,25431,11,1,234
계양구,작전동,한아름,184,76.03,150,108,27.08,1,183,1.8,3,39,1,56565,22155,7,0,132
남동구,간석동,간석LH2단지,304,113.54,792,183,4.01,5,348,4.19,3,88,1,105259,44637,14,0,237
서구,불로대곡동,삼보해피하임1단지,230,116.08,384,310,11.01,0,168,10.8,1,12,0,23627,8709,3,1,234
서구,당하동,현대,251,72.72,417,135,20.07,2,199,3.49,1,15,1,50724,17599,9,1,234
계양구,효성동,미도,164,76.03,205,70,33.11,0,88,4.99,2,36,0,62311,23066,10,0,132
미추홀구,관교동,삼환까뮤,265,105.78,410,410,27,1,222,0.89,2,13,0,17120,6544,6,0,196
미추홀구,주안동,태화2차,174,132.23,143,42,25.07,4,136,6.18,12,147,1,153821,68743,9,0,196
미추홀구,용현동,엑슬루타워,270,83.3,630,58,7.03,2,130,4.22,3,69,2,86717,36458,8,0,196
계양구,계양동,학마을영남,279,40.29,1047,347,21.02,3,211,30.45,4,63,0,88417,33845,13,0,132
동구,송현동,송현주공,151,82.64,575,30,25.07,1,88,2.55,2,7,0,15846,6427,1,0,28
계양구,계산동,영남,206,72.72,360,60,28,2,229,4.55,5,91,1,84796,34699,17,0,132
계양구,효성동,새사미,159,62.81,280,140,33.11,0,112,4.99,2,36,0,62311,23066,10,0,132
부평구,삼산동,삼산타운2단지두산위브,328,109.792,1622,22,13.01,2,250,3.08,2,36,1,70150,24954,12,0,238
계양구,효성동,미도,182,49.58,205,5,33.11,0,89,4.99,2,36,0,62311,23066,10,0,132
부평구,산곡동,한화1단지,268,127.09,744,80,21.09,0,245,3.6,7,45,0,94912,33872,19,0,238
서구,검단동,검단힐스테이트2단지,223,130.23,303,78,8.01,2,163,7.93,5,137,1,30647,12281,6,1,234
부평구,청천동,미도6차,231,62.81,222,96,33.1,2,188,4.96,3,46,1,46738,18633,4,0,238
부평구,청천동,미도6차,230,82.64,222,60,33.1,2,187,4.96,3,46,1,46738,18633,4,0,238
남동구,만수동,주공1단지,262,49.58,516,54,32.01,2,158,6.01,6,87,0,131757,52168,20,0,237
서구,검단동,목화,166,102.47,300,40,28.04,2,98,7.93,5,137,1,30647,12281,6,1,234
서구,오류왕길동,유승,179,109.09,608,352,20,4,133,15.56,3,39,0,24570,9054,2,0,234
부평구,청천동,동양,143,62.81,200,100,36,2,95,4.96,3,46,1,46738,18633,4,0,238
중구,연안동,라이프비취1차,173,92.56,546,56,38.09,0,91,4.7,0,8,0,7212,3610,1,0,58
부평구,십정동,주공뜨란채,285,65.69,920,110,13.05,2,251,2.89,3,39,1,43149,19001,11,0,238
연수구,옥련동,우성,214,152.06,498,68,22.03,1,171,2.15,4,31,0,44791,16553,10,0,131
미추홀구,학익동,신동아1차,269,59.5,364,78,30,0,202,5.87,5,40,1,55772,21565,10,0,196
서구,가좌동,진흥,174,47.52,240,30,31.02,3,119,9.02,3,64,0,62390,25431,11,1,234
서구,검단동,검단IPARK,228,111.61,573,492,11.11,2,124,7.93,5,137,1,30647,12281,6,1,234
연수구,동춘동,대림3차,252,69.42,408,408,25.05,2,194,3.4,4,22,3,57013,18287,12,0,131
서구,석남동,경남아너스빌,213,105.78,471,40,12.01,0,161,5.17,3,52,0,54919,23763,7,1,234
부평구,십정동,브라운스톤백운,268,113.78,261,52,4.06,2,185,2.89,3,39,1,43149,19001,11,0,238
부평구,십정동,대주파크빌,198,85.95,312,169,17.02,2,142,2.89,3,39,1,43149,19001,11,0,238
남동구,만수동,삼환2차,219,52.89,660,150,28.02,2,199,6.01,6,87,0,131757,52168,20,0,237
연수구,연수동,연수푸르지오3단지,329,146.23,102,17,7.07,2,181,1.52,10,56,1,66475,28753,11,0,131
부평구,산곡동,현대2차,288,69.42,1496,120,30.08,0,213,3.6,7,45,0,94912,33872,19,0,238
중구,운서동,영종1차어울림,273,131.84,328,60,9.1,3,179,58.11,3,41,8,24724,11374,9,1,58
미추홀구,학익동,신동아2차,284,79.33,574,106,29.05,0,214,5.87,5,40,1,55772,21565,10,0,196
남동구,만수동,이삭베스파트1단지,223,132.23,299,67,18.07,2,221,6.01,6,87,0,131757,52168,20,0,237
미추홀구,용현동,서해,189,105.78,299,56,24.09,2,216,4.22,3,69,2,86717,36458,8,0,196
계양구,효성동,두산,236,109.09,957,34,21.09,0,120,4.99,2,36,0,62311,23066,10,0,132
연수구,동춘동,대우3차,214,158.67,344,84,25,2,167,3.4,4,22,3,57013,18287,12,0,131
미추홀구,용현동,금호어울림3단지,274,95.54,180,68,8.1,2,233,4.22,3,69,2,86717,36458,8,0,196
동구,송림동,동산휴먼시아2단지,208,112.91,863,122,8.01,0,153,2.38,4,18,1,27154,11567,8,1,28
남동구,남촌도림동,삼호,169,77.13,98,98,17.01,0,117,9.76,1,13,0,23584,9250,3,0,237
계양구,작전동,삼천리,218,59.5,540,108,30,1,203,1.8,3,39,1,56565,22155,7,0,132
연수구,송도동,송도더샵마스터뷰21단지,525,114.27,692,56,3.04,6,365,9.7,8,95,6,116156,38035,22,1,131
서구,청라동,호반베르디움,382,111.22,745,490,7.1,1,234,2.28,3,63,2,87914,28647,9,1,234
연수구,송도동,송도힐스테이트5단지,462,200.26,118,35,7.11,6,327,9.7,8,95,6,116156,38035,22,1,131
부평구,부개동,백조,200,66.11,280,35,37.03,3,205,2.79,3,48,0,75471,28699,17,0,238
부평구,청천동,청천푸르지오,268,122.31,2257,264,20.06,2,220,4.96,3,46,1,46738,18633,4,0,238
동구,송림동,동산휴먼시아2단지,211,144.59,863,46,8.01,0,154,2.38,4,18,1,27154,11567,8,1,28
부평구,삼산동,행복마을서해그랑블,396,153.28,822,360,14.04,2,328,3.08,2,36,1,70150,24954,12,0,238
서구,불로대곡동,삼라마이더스빌,202,109.09,117,85,11.06,0,142,10.8,0,12,0,23627,8709,3,1,234
서구,청라동,청라한라비발디,351,145.32,992,258,7.02,1,240,2.28,3,63,2,87914,28647,9,1,234
부평구,부평동,삼진,178,76.03,90,30,35.03,4,85,6.91,16,169,5,160052,69983,12,1,238
서구,청라동,청라상록힐스테이트,329,153.39,244,86,6.08,1,240,2.28,3,63,2,87914,28647,9,1,234
부평구,부개동,리노빌,290,55.25,103,3,15.03,3,126,2.79,3,48,0,75471,28699,17,0,238
미추홀구,학익동,정광산호,203,105.78,280,84,20.01,0,118,5.87,5,40,1,55772,21565,10,0,196
부평구,십정동,브라운스톤백운,269,113.25,261,146,4.06,2,185,2.89,3,39,1,43149,19001,11,0,238
부평구,산곡동,한양2단지,337,72.72,720,8,33.07,0,200,3.6,7,45,0,94912,33872,19,0,238
계양구,효성동,금호어울림,216,161.67,410,60,13.04,0,161,4.99,2,36,0,62311,23066,10,0,132
계양구,작전동,우남푸르미아,289,72.72,117,27,12.02,1,134,1.8,3,39,1,56565,22155,7,0,132
중구,신흥동,누리타워,154,85.95,95,38,24,1,99,3.52,2,16,0,14389,6288,4,0,58
연수구,옥련동,현대2차,249,112.39,1180,662,22.06,1,205,2.15,4,31,0,44791,16553,10,0,131
미추홀구,주안동,태화1차,170,52.89,170,90,36,4,105,6.18,12,147,1,153821,68743,9,0,196
서구,검단동,검단2차IPARK,258,172.37,409,60,8.09,2,177,7.93,5,137,1,30647,12281,6,1,234
계양구,효성동,서광,164,76.03,140,110,35.01,0,85,4.99,2,36,0,62311,23066,10,0,132
부평구,부개동,성일,281,69.42,415,338,28.01,3,84,2.79,3,48,0,75471,28699,17,0,238
중구,영종동,영종하늘도시우미린2단지,257,113.032,1287,94,6.04,1,168,31.58,1,30,0,37184,15227,6,1,58
미추홀구,학익동,엑슬루타워,302,129.06,707,38,8.04,0,244,5.87,5,40,1,55772,21565,10,0,196
남동구,서창동,인천서창LH6단지,301,101.18,855,96,4.04,0,237,2.4,2,16,1,30436,11486,5,0,237
중구,신흥동,경남아너스빌,224,109.18,408,22,13.08,1,174,3.52,2,16,0,14389,6288,4,0,58
서구,청라동,청라SKVIEW,358,131.23,879,92,7,1,242,2.28,3,63,2,87914,28647,9,1,234
부평구,삼산동,벽산블루밍,313,107.16,412,217,13,2,266,3.08,2,36,1,70150,24954,12,0,238
남동구,만수동,주공2단지,271,94.23,1920,210,31.05,2,196,6.01,6,87,0,131757,52168,20,0,237
미추홀구,용현동,용현국민,143,92.56,60,30,34,2,132,4.22,3,69,2,86717,36458,8,0,196
연수구,동춘동,금호,222,161.98,528,160,25.08,2,164,3.4,4,22,3,57013,18287,12,0,131
부평구,산곡동,한신1차,275,72.72,542,84,32.02,0,227,3.6,7,45,0,94912,33872,19,0,238
서구,연희동,중앙,227,72.72,294,70,21.04,1,196,9.5,3,38,1,45046,18754,13,0,234
서구,석남동,금호어울림,315,80.95,769,206,11,0,266,5.17,3,52,0,54919,23763,7,1,234
서구,원당동,원당2차금호어울림,221,130.98,269,60,13.1,0,153,6.59,1,15,0,25092,9275,3,1,234
강화군,강화읍,설호,76,89.25,90,30,28.02,0,36,24.957,9,27,0,22882,9874,9,0,18
부평구,십정동,광명,203,62.81,100,60,31,2,68,2.89,3,39,1,43149,19001,11,0,238
부평구,부개동,주공3단지,324,70.97,1724,238,22.02,3,253,2.79,3,48,0,75471,28699,17,0,238
서구,가좌동,아주,158,72.72,96,48,34.07,3,89,9.02,3,64,0,62390,25431,11,1,234
부평구,삼산동,임광그대家,285,108.6,393,393,10,2,258,3.08,2,36,1,70150,24954,12,0,238
계양구,효성동,롯데,179,62.81,350,100,34,0,193,4.99,2,36,0,62311,23066,10,0,132
서구,가좌동,범양,232,99.17,510,210,28.05,3,157,9.02,3,64,0,62390,25431,11,1,234
서구,가좌동,진흥,195,60.22,240,5,31.02,3,178,9.02,3,64,0,62390,25431,11,1,234
미추홀구,도화동,도화동신동아파밀리에,232,110.04,397,166,6.01,2,188,3.84,4,39,0,44659,19691,12,1,196
서구,가좌동,진주4단지,227,105.78,302,163,27.08,3,193,9.02,3,64,0,62390,25431,11,1,234
서구,청라동,린스트라우스,392,137.17,590,138,5.04,1,248,2.28,3,63,2,87914,28647,9,1,234
부평구,산곡동,현대5차,330,72.72,1161,407,25.01,0,256,3.6,7,45,0,94912,33872,19,0,238
서구,연희동,중앙,212,33.05,294,224,21.04,1,159,9.5,3,38,1,45046,18754,13,0,234
미추홀구,용현동,신창미션힐,283,83.08,821,433,14.07,2,150,4.22,3,69,2,86717,36458,8,0,196
서구,가좌동,풍림,254,82.64,358,178,22.03,3,91,9.02,3,64,0,62390,25431,11,1,234
남동구,서창동,인천서창LH11단지,285,114.132,938,108,6.09,0,237,2.4,2,16,1,30436,11486,5,0,237
서구,연희동,극동늘푸른,236,105.78,998,518,21.04,1,165,9.5,3,38,1,45046,18754,13,0,234
미추홀구,용현동,삼화,180,79.33,114,114,24.08,2,161,4.22,3,69,2,86717,36458,8,0,196
미추홀구,주안동,행복마을,194,87.85,91,11,12,4,113,6.18,12,147,1,153821,68743,9,0,196
서구,가좌동,상아,170,66.11,150,5,33.01,3,82,9.02,3,64,0,62390,25431,11,1,234
계양구,효성동,롯데,179,62.81,350,20,34,0,95,4.99,2,36,0,62311,23066,10,0,132
서구,가정동,한성,158,69.42,150,150,26.11,2,56,2.6,5,17,0,37186,15556,4,1,234
남동구,논현고잔동,힐스테이트,292,164.45,594,114,8.01,4,207,10.5,4,35,1,40601,14147,0,0,237
계양구,계양동,계양센트레빌3단지,319,112.11,454,79,5.05,3,263,30.45,4,63,0,88417,33845,13,0,132
연수구,연수동,풍림1차,246,102.47,769,270,26.09,2,229,1.52,10,56,1,66475,28753,11,0,131
미추홀구,학익동,엑슬루타워,290,134.41,707,82,8.04,0,210,5.87,5,40,1,55772,21565,10,0,196
서구,가정동,뉴서울,197,119,555,30,28,2,126,2.6,5,17,0,37186,15556,4,1,234
중구,영종동,한라비발디,272,143.16,1365,492,6.03,1,157,31.58,1,30,0,37184,15227,6,1,58
서구,검단동,하나1차,189,105.78,299,138,20.06,2,156,7.93,5,137,1,30647,12281,6,1,234
부평구,부개동,부개역동도센트리움,318,45.54,217,15,4.02,3,375,2.79,3,48,0,75471,28699,17,0,238
중구,운서동,영종주공스카이빌7단지,195,79.33,295,116,16.07,3,126,58.11,3,41,8,24724,11374,9,1,58
서구,당하동,영남탑스빌,172,185.12,1042,304,18.09,2,101,3.49,1,15,1,50724,17599,9,1,234
미추홀구,학익동,학익두산위브,317,110.15,432,48,7.03,0,194,5.87,5,40,1,55772,21565,10,0,196
남동구,장수서창동,태평2차,154,178.51,577,20,21,0,109,13.97,4,33,1,17742,6450,0,0,237
미추홀구,도화동,굿모닝TS,142,56.19,147,2,16,2,71,3.84,4,39,0,44659,19691,12,1,196
남동구,구월동,벽산,151,69.42,149,6,29.02,4,115,5.42,11,118,6,118108,48390,13,0,237
서구,석남동,황해,193,59.5,90,90,35.03,0,76,5.17,3,52,0,54919,23763,7,1,234
서구,연희동,경남,227,79.33,232,72,20.01,1,195,9.5,3,38,1,45046,18754,13,0,234
남동구,간석동,한진,255,64.59,600,12,37.08,5,191,4.19,3,88,1,105259,44637,14,0,237
연수구,송도동,송도웰카운티2단지,442,108.56,798,102,11.03,6,346,9.7,8,95,6,116156,38035,22,1,131
서구,청라동,청라푸르지오,416,187.38,751,108,5.09,1,209,2.28,3,63,2,87914,28647,9,1,234
서구,가정동,동우1차,200,46.28,474,294,30.11,2,66,2.6,5,17,0,37186,15556,4,1,234
부평구,산곡동,한양2단지,322,102.47,720,8,33.07,0,208,3.6,7,45,0,94912,33872,19,0,238
미추홀구,주안동,현대홈타운,227,121.13,443,76,16.01,4,169,6.18,12,147,1,153821,68743,9,0,196
남동구,장수서창동,태평2차,186,142.14,577,44,21,0,137,13.97,4,33,1,17742,6450,0,0,237
계양구,효성동,뉴서울2차,163,66.11,775,50,32,0,107,4.99,2,36,0,62311,23066,10,0,132
서구,검단동,검단2차IPARK,267,161.25,409,15,8.09,2,189,7.93,5,137,1,30647,12281,6,1,234
남동구,만수동,삼환1차,244,72.72,660,180,29.04,2,212,6.01,6,87,0,131757,52168,20,0,237
부평구,갈산동,신한국,284,79.33,520,235,20.01,3,252,1.73,3,19,1,38996,15338,5,0,238
부평구,부평동,건영캐스빌,172,112.2,142,16,16.06,4,120,6.91,16,169,5,160052,69983,12,1,238
동구,송현동,송현주공,151,99.17,575,30,25.07,1,86,2.55,2,7,0,15846,6427,1,0,28
남동구,간석동,금호어울림,287,130.83,1733,96,13.03,5,162,4.19,3,88,1,105259,44637,14,0,237
부평구,부평동,유진마젤란,217,94.32,110,14,13.09,4,175,6.91,16,169,5,160052,69983,12,1,238
부평구,산곡동,현대2차,269,105.78,1496,30,30.08,0,208,3.6,7,45,0,94912,33872,19,0,238
미추홀구,학익동,신동아5차,164,175.2,594,60,25.06,0,199,5.87,5,40,1,55772,21565,10,0,196
연수구,청학동,시대,244,42.97,916,458,24.02,0,198,2.39,7,30,0,28698,12722,4,0,131
서구,석남동,보광네오센스,124,181.81,100,50,15.05,0,58,5.17,3,52,0,54919,23763,7,1,234
미추홀구,주안동,태화2차,194,82.64,143,59,25.07,4,151,6.18,12,147,1,153821,68743,9,0,196
서구,석남동,동진4차,123,79.33,162,60,27,0,72,5.17,3,52,0,54919,23763,7,1,234
남동구,남촌도림동,풍림2차,247,76.03,319,134,20.03,0,197,9.76,1,13,0,23584,9250,3,0,237
연수구,옥련동,풍림,311,56.19,386,52,20.09,1,249,2.15,4,31,0,44791,16553,10,0,131
계양구,계양동,유호,171,76.03,156,72,28.03,3,122,30.45,4,63,0,88417,33845,13,0,132
서구,연희동,대동,218,82.64,1048,576,22.07,1,170,9.5,3,38,1,45046,18754,13,0,234
연수구,송도동,송도더샵퍼스트월드,561,321.05,1596,8,9.11,6,323,9.7,8,95,6,116156,38035,22,1,131
미추홀구,학익동,신동아3차,200,132.23,894,48,28.1,0,158,5.87,5,40,1,55772,21565,10,0,196
서구,불로대곡동,삼보해피하임2단지,231,115.77,482,406,11.01,0,168,10.8,1,12,0,23627,8709,3,1,234
서구,연희동,녹성,127,82.64,45,45,23.01,1,85,9.5,3,38,1,45046,18754,13,0,234
서구,청라동,반도유보라1차,329,127.56,174,58,7.02,1,210,2.28,3,63,2,87914,28647,9,1,234
연수구,연수동,영남,237,99.17,622,286,26,2,202,1.52,10,56,1,66475,28753,11,0,131
미추홀구,학익동,신동아4차,266,89.25,630,60,28.01,0,203,5.87,5,40,1,55772,21565,10,0,196
남동구,간석동,간석LH1단지,337,88.33,587,174,4.01,5,122,4.19,3,88,1,105259,44637,14,0,237
중구,영종동,영종하늘도시우미린2단지,258,112.421,1287,408,6.04,1,169,31.58,1,30,0,37184,15227,6,1,58
서구,신현원창동,신현e편한세상하늘채,237,186.01,3331,302,9.03,0,169,9.82,1,23,0,29127,10973,7,0,234
서구,청라동,청라SKVIEW,345,146.48,879,84,7,1,224,2.28,3,63,2,87914,28647,9,1,234
미추홀구,도화동,태화,172,85.95,180,170,34.08,2,70,3.84,4,39,0,44659,19691,12,1,196
중구,신흥동,한별프라이빌,196,89.25,143,1,14.11,1,132,3.52,2,16,0,14389,6288,4,0,58
계양구,계산동,삼환1차,238,69.42,276,84,29,2,173,4.55,5,91,1,84796,34699,17,0,132
부평구,부평동,유진마젤란,211,101.8,110,14,13.09,4,162,6.91,16,169,5,160052,69983,12,1,238
계양구,작전동,우남푸르미아,255,105.47,117,13,12.02,1,158,1.8,3,39,1,56565,22155,7,0,132
서구,오류왕길동,드림파크어울림1단지,253,132.47,731,195,8.01,4,171,15.56,3,39,0,24570,9054,2,0,234
강화군,강화읍,그랑드빌,158,76.03,98,45,18,0,85,24.957,9,27,0,22882,9874,9,0,18
남동구,논현고잔동,에코메트로10단지한화꿈에그린,320,154.87,556,208,8,4,235,10.5,4,35,1,40601,14147,0,0,237
남동구,논현고잔동,에코메트로5단지한화꿈에그린,324,134.39,1052,204,8,4,253,10.5,4,35,1,40601,14147,0,0,237
동구,송림동,삼익,128,85.95,264,12,40.12,0,84,2.38,4,18,1,27154,11567,8,1,28
연수구,청학동,성호,230,105.78,488,488,25.01,0,180,2.39,7,30,0,28698,12722,4,0,131
남동구,구월동,롯데캐슬골드2단지,432,65.96,3384,88,11.04,4,364,5.42,11,118,6,118108,48390,13,0,237
부평구,부개동,리노빌,311,75.62,103,71,15.03,3,161,2.79,3,48,0,75471,28699,17,0,238
미추홀구,주안동,인천관교한신休플러스,293,114.48,1509,292,9.02,4,297,6.18,12,147,1,153821,68743,9,0,196
남동구,간석동,극동,302,62.81,760,96,29.07,5,209,4.19,3,88,1,105259,44637,14,0,237
계양구,계양동,신명진달래2차,180,52.89,204,132,29.04,3,123,30.45,4,63,0,88417,33845,13,0,132
미추홀구,숭의동,광해리드빌III,181,119,117,26,15,2,129,2.23,12,35,0,43040,19596,3,1,196
남동구,간석동,신동아파밀리에,225,141.85,715,42,11.04,5,125,4.19,3,88,1,105259,44637,14,0,237
남동구,논현고잔동,에코메트로10단지한화꿈에그린,327,221.44,556,62,8,4,242,10.5,4,35,1,40601,14147,0,0,237
중구,영종동,한라비발디,474,232.31,1365,8,6.03,1,174,31.58,1,30,0,37184,15227,6,1,58
계양구,작전동,동아,199,79.33,105,60,35,1,215,1.8,3,39,1,56565,22155,7,0,132
서구,검암경서동,서해그랑블,346,106.92,950,462,15.04,3,234,15.23,2,43,0,46090,18491,10,1,234
미추홀구,용현동,"금호타운1,2차",169,171.9,1170,180,27.01,2,128,4.22,3,69,2,86717,36458,8,0,196
서구,당하동,당하풍림아이원2차,275,111.1,400,320,14.02,2,203,3.49,1,15,1,50724,17599,9,1,234
서구,오류왕길동,검단자이1단지,290,164,418,30,8,4,165,15.56,3,39,0,24570,9054,2,0,234
계양구,작전동,삼천리,214,56.19,540,324,30,1,139,1.8,3,39,1,56565,22155,7,0,132
남동구,만수동,삼환1차,241,52.89,660,150,29.04,2,212,6.01,6,87,0,131757,52168,20,0,237
계양구,계양동,계양센트레빌1단지,299,150.38,715,58,5.1,3,233,30.45,4,63,0,88417,33845,13,0,132
미추홀구,도화동,성락,166,69.42,110,50,37.07,2,61,3.84,4,39,0,44659,19691,12,1,196
부평구,부개동,성업,172,72.72,80,40,33.07,3,221,2.79,3,48,0,75471,28699,17,0,238
중구,영종동,영종하늘도시우미린1단지,274,82.88,1680,431,6.03,1,175,31.58,1,30,0,37184,15227,6,1,58
연수구,송도동,송도웰카운티4단지,464,110.01,465,84,8.1,6,324,9.7,8,95,6,116156,38035,22,1,131
계양구,작전동,우주,202,69.42,95,5,31.02,1,125,1.8,3,39,1,56565,22155,7,0,132
연수구,연수동,연수시영1차,239,62.81,1370,150,26.07,2,195,1.52,10,56,1,66475,28753,11,0,131
동구,화수동,미륭,155,49.58,560,300,28.06,0,87,0.61,2,13,0,15690,6859,2,1,28
남동구,간석동,간석LH2단지,315,98.44,792,18,4.01,5,297,4.19,3,88,1,105259,44637,14,0,237
계양구,효성동,롯데,181,59.5,350,50,34,0,214,4.99,2,36,0,62311,23066,10,0,132
부평구,갈산동,갈산주공1단지,310,66.11,1650,360,26.02,3,250,1.73,3,19,1,38996,15338,5,0,238
부평구,부개동,"푸른마을삼부,한신",282,161.98,1020,504,19.06,3,128,2.79,3,48,0,75471,28699,17,0,238
계양구,작전동,삼천리,216,66.11,540,36,30,1,185,1.8,3,39,1,56565,22155,7,0,132
미추홀구,학익동,학익두산위브,323,34.08,432,12,7.03,0,217,5.87,5,40,1,55772,21565,10,0,196
미추홀구,학익동,신동아3차,225,115.7,894,60,28.1,0,170,5.87,5,40,1,55772,21565,10,0,196
서구,가좌동,신인향,173,92.56,132,36,28.06,3,103,9.02,3,64,0,62390,25431,11,1,234
미추홀구,용현동,삼익,199,85.3,168,1,39.08,2,118,4.22,3,69,2,86717,36458,8,0,196
계양구,작전동,신진,202,52.89,410,220,30.05,1,131,1.8,3,39,1,56565,22155,7,0,132
부평구,부평동,건영캐스빌,163,80.83,142,26,16.06,4,117,6.91,16,169,5,160052,69983,12,1,238
남동구,서창동,인천서창LH7단지,293,111.05,1196,129,6.06,0,230,2.4,2,16,1,30436,11486,5,0,237
연수구,동춘동,건영,262,99.17,970,920,24.08,2,212,3.4,4,22,3,57013,18287,12,0,131
서구,검단동,하나1차,183,125.62,299,32,20.06,2,107,7.93,5,137,1,30647,12281,6,1,234
계양구,계산동,용종중앙,284,105.72,428,300,21.02,2,205,4.55,5,91,0,84796,34699,17,0,132
미추홀구,학익동,신동아3차,171,175.2,894,60,28.1,0,241,5.87,5,40,1,55772,21565,10,0,196
서구,가정동,동우1차,199,52.89,474,180,30.11,2,65,2.6,5,17,0,37186,15556,4,1,234
동구,송현동,솔빛마을주공2차(204-205동),223,80.7,354,184,15,1,167,2.55,2,7,0,15846,6427,1,0,28
중구,운서동,영종주공스카이빌10단지,319,76.03,740,358,17.05,3,238,58.11,3,41,8,24724,11374,9,1,58
남동구,논현고잔동,에코메트로6단지한화꿈에그린,323,114.69,960,288,8,4,254,10.5,4,35,1,40601,14147,0,0,237
미추홀구,용현동,금호어울림3단지,241,109.94,180,28,8.1,2,205,4.22,3,69,2,86717,36458,8,0,196
서구,당하동,당하KCC스위첸,243,133.88,1015,78,13.08,2,183,3.49,1,15,1,50724,17599,9,1,234
계양구,작전동,한신,203,105.78,259,171,27.02,1,175,1.8,3,39,1,56565,22155,7,0,132
계양구,계양동,윤성,122,59.5,60,60,29.06,3,80,30.45,4,63,0,88417,33845,13,0,132
미추홀구,도화동,신태양3차,174,66.11,175,60,35,2,61,3.84,4,39,0,44659,19691,12,1,196
남동구,간석동,광명10차,194,76.03,192,84,29.07,5,239,4.19,3,88,1,105259,44637,14,0,237
서구,가좌동,상아,158,76.03,150,5,33.01,3,82,9.02,3,64,0,62390,25431,11,1,234
중구,연안동,라이프비취2차,122,59.5,854,210,28,0,59,4.7,0,8,0,7212,3610,1,0,58
서구,가좌동,한샘,164,79.33,160,40,35,3,88,9.02,3,64,0,62390,25431,11,1,234
연수구,송도동,송도더샵퍼스트월드,561,310.87,1596,8,9.11,6,329,9.7,8,95,6,116156,38035,22,1,131
남동구,논현고잔동,에코메트로11단지한화꿈에그린,326,111.83,1622,518,9.05,4,258,10.5,4,35,1,40601,14147,0,0,237
계양구,효성동,새사미,172,72.72,280,140,33.11,0,87,4.99,2,36,0,62311,23066,10,0,132
계양구,계산동,삼천리,209,56.19,460,80,32.06,2,135,4.55,5,91,1,84796,34699,17,0,132
서구,석남동,낙원호산,137,69.42,142,6,29.01,0,72,5.17,3,52,0,54919,23763,7,1,234
계양구,계양동,한성,231,59.5,200,120,28.05,3,133,30.45,4,63,0,88417,33845,13,0,132
남동구,구월동,정광,170,79.33,70,40,33.09,4,85,5.42,11,118,6,118108,48390,13,0,237
부평구,산곡동,한화1단지,289,109.1,744,360,21.09,0,285,3.6,7,45,0,94912,33872,19,0,238
미추홀구,학익동,동아풍림,284,82.64,1480,240,19,0,178,5.87,5,40,1,55772,21565,10,0,196
서구,검암경서동,마젤란21,247,153.66,176,38,12.06,3,185,15.23,2,43,0,46090,18491,10,1,234
부평구,산곡동,현대3차,248,128.92,1200,60,29.03,0,268,3.6,7,45,0,94912,33872,19,0,238
남동구,서창동,인천서창LH7단지,295,110.352,1196,106,6.06,0,231,2.4,2,16,1,30436,11486,5,0,237
남동구,구월동,구월아시아드선수촌센트럴자이,434,112.88,850,55,3.06,4,323,5.42,11,118,6,118108,48390,13,0,237
남동구,간석동,두진,186,85.95,354,138,24,5,251,4.19,3,88,1,105259,44637,14,0,237
부평구,산곡동,한화2단지,308,110.35,1280,240,19.03,0,209,3.6,7,45,0,94912,33872,19,0,238
서구,가정동,한국,222,105.78,620,464,26,2,147,2.6,5,17,0,37186,15556,4,1,234
부평구,부개동,부개역동도센트리움,318,45.541,217,13,4.02,3,103,2.79,3,48,0,75471,28699,17,0,238
동구,송림동,누리,145,79.33,94,94,26.02,0,69,2.38,4,18,1,27154,11567,8,1,28
계양구,계산동,은행아주,321,79.33,612,144,21.05,2,227,4.55,5,91,1,84796,34699,17,0,132
서구,검암경서동,가이아샹베르2차,254,79.63,560,128,13.09,3,195,15.23,2,43,0,46090,18491,10,1,234
계양구,계양동,계양센트레빌1단지,331,111.65,715,174,5.1,3,264,30.45,4,63,0,88417,33845,13,0,132
미추홀구,용현동,엑슬루타워,258,112.23,630,74,7.03,2,76,4.22,3,69,2,86717,36458,8,0,196
남동구,장수서창동,서해그랑블,219,139.14,523,15,10.07,2,162,13.97,4,33,1,17742,6450,0,0,237
계양구,계양동,학마을서원,297,46.28,688,64,21.07,3,238,30.45,4,63,0,88417,33845,13,0,132
미추홀구,주안동,광명8차,189,66.11,462,276,30.05,4,113,6.18,12,147,1,153821,68743,9,0,196
남동구,논현동,신영지웰,247,161.9,985,378,11.04,4,244,7.82,5,59,1,66981,26297,21,0,237
계양구,계산동,인정프린스,227,82.64,299,22,26.08,2,251,4.55,5,91,1,84796,34699,17,0,132
남동구,논현고잔동,힐스테이트,384,260.53,594,2,8.01,4,270,10.5,4,35,1,40601,14147,0,0,237
부평구,부개동,주공1단지,334,80.91,1044,144,22,3,255,2.79,3,48,0,75471,28699,17,0,238
미추홀구,학익동,신동아6차,254,102.47,254,134,26.07,0,160,5.87,5,40,1,55772,21565,10,0,196
강화군,강화읍,용진2,87,59.5,60,20,28.02,0,38,24.957,9,27,0,22882,9874,9,0,18
서구,연희동,광명17차,252,79.33,604,266,21.11,1,195,9.5,3,38,1,45046,18754,13,0,234
연수구,송도동,송도아트윈푸르지오,466,117.96,999,24,3.03,6,316,9.7,8,95,6,116156,38035,22,1,131
계양구,효성동,유승와이드빌,227,85.74,350,350,16.04,0,181,4.99,2,36,0,62311,23066,10,0,132
중구,영종동,영종하늘도시힐스테이트,308,110.44,1628,734,6.01,1,190,31.58,1,30,0,37184,15227,6,1,58
부평구,산곡동,현대2차,298,56.19,1496,90,30.08,0,215,3.6,7,45,0,94912,33872,19,0,238
부평구,청천동,영진,132,76.03,196,32,23.05,2,85,4.96,3,46,1,46738,18633,4,0,238
부평구,십정동,동암신동아,254,109.09,1690,672,18.03,2,206,2.89,3,39,1,43149,19001,11,0,238
서구,석남동,동진1차,175,85.95,60,60,35,0,64,5.17,3,52,0,54919,23763,7,1,234
서구,청라동,청라한라비발디,347,146.96,992,100,7.02,1,208,2.28,3,63,2,87914,28647,9,1,234
부평구,삼산동,주공미래타운5단지,307,105.78,620,180,18.07,2,246,3.08,2,36,1,70150,24954,12,0,238
부평구,십정동,예원,219,66.11,120,40,34.11,2,69,2.89,3,39,1,43149,19001,11,0,238
서구,연희동,한국(682-12),204,151.59,356,44,24.02,1,141,9.5,3,38,1,45046,18754,13,0,234
부평구,청천동,삼익,270,69.42,375,120,32.01,2,252,4.96,3,46,1,46738,18633,4,0,238
부평구,삼산동,광명13차,158,72.72,168,96,28.02,2,103,3.08,2,36,1,70150,24954,12,0,238
부평구,산곡동,한신休,249,115.61,703,63,15.11,0,227,3.6,7,45,0,94912,33872,19,0,238
남동구,논현동,단풍마을뜨란채11단지,285,106.27,898,90,12.04,4,235,7.82,5,59,1,66981,26297,21,0,237
미추홀구,학익동,신동아8차,268,85.95,538,218,21.06,0,193,5.87,5,40,1,55772,21565,10,0,196
연수구,송도동,송도센트럴파크푸르지오,565,131.36,551,159,3.06,6,314,9.7,8,95,6,116156,38035,22,1,131
미추홀구,도화동,나산,174,89.25,211,114,22.02,2,129,3.84,4,39,0,44659,19691,12,1,196
남동구,서창동,인천서창LH11단지,285,113.912,938,56,6.09,0,237,2.4,2,16,1,30436,11486,5,0,237
남동구,논현동,주공13단지,324,78.6,785,39,12.06,4,205,7.82,5,59,1,66981,26297,21,0,237
계양구,계양동,신동아,199,135.53,1192,96,21.09,3,155,30.45,4,63,0,88417,33845,13,0,132
서구,석남동,동아,157,85.95,110,20,34.01,0,76,5.17,3,52,0,54919,23763,7,1,234
서구,석남동,서인천월드메르디앙,253,152.36,778,56,12.04,0,171,5.17,3,52,0,54919,23763,7,1,234
부평구,청천동,대진,239,82.64,340,210,33.07,2,197,4.96,3,46,1,46738,18633,4,0,238
미추홀구,학익동,현광1차,194,105.78,348,165,20.04,0,165,5.87,5,40,1,55772,21565,10,0,196
동구,만석동,만석3차,131,49.58,70,70,27.04,0,145,1.15,0,1,0,7702,3287,0,0,28
미추홀구,주안동,태화2차,195,107.88,143,42,25.07,4,153,6.18,12,147,1,153821,68743,9,0,196
동구,송현동,삼두1차,119,62.81,264,48,35.03,1,78,2.55,2,7,0,15846,6427,1,0,28
서구,가좌동,신영,169,56.19,155,5,34.01,3,101,9.02,3,64,0,62390,25431,11,1,234
서구,청라동,청라더샵레이크파크,437,144.22,766,338,5.08,1,218,2.28,3,63,2,87914,28647,9,1,234
남동구,간석동,서해그랑블,349,76.03,270,73,14.07,5,219,4.19,3,88,1,105259,44637,14,0,237
부평구,삼산동,삼산타운7단지,357,107.183,1314,670,14.04,2,313,3.08,2,36,1,70150,24954,12,0,238
계양구,계양동,아주,189,79.33,480,36,27.08,3,140,30.45,4,63,0,88417,33845,13,0,132
중구,신흥동,삼익,167,62.81,434,1,39.02,1,103,3.52,2,16,0,14389,6288,4,0,58
동구,송현동,솔빛마을주공1차,251,105.78,2711,884,15.08,1,209,2.55,2,7,0,15846,6427,1,0,28
서구,당하동,당하탑스빌,190,168.59,1368,176,20.1,2,125,3.49,1,15,1,50724,17599,9,1,234
부평구,삼산동,신성미소지움,489,178.02,1030,10,13.07,2,247,3.08,2,36,1,70150,24954,12,0,238
동구,송림동,동산휴먼시아2단지,221,83.571,863,72,8.01,0,185,2.38,4,18,1,27154,11567,8,1,28
서구,당하동,당하풍림아이원3차,234,111.3,579,283,14.02,2,171,3.49,1,15,1,50724,17599,9,1,234
연수구,동춘동,동아,239,125.62,528,308,25.08,2,211,3.4,4,22,3,57013,18287,12,0,131
부평구,청천동,현광,203,62.81,48,42,24.07,2,162,4.96,3,46,1,46738,18633,4,0,238
강화군,강화읍,그랑드빌,142,105.78,98,33,18,0,80,24.957,9,27,0,22882,9874,9,0,18
서구,불로대곡동,신명스카이뷰,210,79.6,120,15,11.08,0,163,10.8,1,12,0,23627,8709,3,1,234
서구,청라동,청라힐데스하임,400,86.2,1284,348,7.05,1,259,2.28,3,63,2,87914,28647,9,1,234
미추홀구,학익동,장미1차,218,89.25,580,110,34,0,162,5.87,5,40,1,55772,21565,10,0,196
부평구,부개동,백조,182,72.72,280,15,37.03,3,134,2.79,3,48,0,75471,28699,17,0,238
서구,당하동,태평,245,82.64,528,384,20.03,2,206,3.49,1,15,1,50724,17599,9,1,234
계양구,작전동,현대2-1차,243,95.86,840,240,27.02,1,203,1.8,3,39,1,56565,22155,7,0,132
서구,석남동,경남아너스빌,216,83.35,471,36,12.01,0,165,5.17,3,52,0,54919,23763,7,1,234
계양구,계양동,풍림아이원,263,106.44,207,191,13.01,3,235,30.45,4,63,0,88417,33845,13,0,132
서구,석남동,낙원호산,127,62.81,142,24,29.01,0,60,5.17,3,52,0,54919,23763,7,1,234
서구,검단동,서해,168,76.03,464,20,26,2,105,7.93,5,137,1,30647,12281,6,1,234
부평구,청천동,청천,176,59.5,130,110,40.01,2,126,4.96,3,46,1,46738,18633,4,0,238
남동구,구월동,롯데캐슬골드2단지,288,147.39,3384,761,11.04,4,234,5.42,11,118,6,118108,48390,13,0,237
부평구,부개동,주공7단지,310,79.33,957,240,20.05,3,254,2.79,3,48,0,75471,28699,17,0,238
서구,연희동,삼성,220,76.03,421,172,21.06,1,164,9.5,3,38,1,45046,18754,13,0,234
미추홀구,주안동,쌍용주안,265,92.56,768,96,33.04,4,171,6.18,12,147,1,153821,68743,9,0,196
동구,송현동,솔빛마을주공2차(204-205동),192,74.37,354,28,15,1,141,2.55,2,7,0,15846,6427,1,0,28
중구,영종동,영종하늘도시동보노빌리티,315,110.991,585,6,6.05,1,149,31.58,1,30,0,37184,15227,6,1,58
서구,청라동,청라동양엔파트,334,148.06,564,88,6.04,1,235,2.28,3,63,2,87914,28647,9,1,234
계양구,효성동,뉴서울6차,246,79.33,370,224,23.06,0,187,4.99,2,36,0,62311,23066,10,0,132
남동구,만수동,효성상아1차,244,102.47,360,90,33.05,2,185,6.01,6,87,0,131757,52168,20,0,237
남동구,간석동,간석래미안자이,324,148.11,2432,312,10.1,5,221,4.19,3,88,1,105259,44637,14,0,237
중구,영종동,신명스카이뷰주얼리,266,79.89,1002,418,5.11,1,181,31.58,1,30,0,37184,15227,6,1,58
서구,가좌동,유영,245,71.56,200,180,14.01,3,155,9.02,3,64,0,62390,25431,11,1,234
부평구,청천동,인향,176,109.09,266,19,24.11,2,104,4.96,3,46,1,46738,18633,4,0,238
서구,가좌동,진주2단지,224,102.47,644,252,35.09,3,136,9.02,3,64,0,62390,25431,11,1,234
서구,석남동,롯데우람,217,72.72,320,120,33,0,83,5.17,3,52,0,54919,23763,7,1,234
부평구,부평동,부평,244,59.5,260,160,37.03,4,126,6.91,16,169,5,160052,69983,12,1,238
미추홀구,주안동,광해리드빌,172,119,70,28,17.08,4,147,6.18,12,147,1,153821,68743,9,0,196
연수구,송도동,송도더샵그린워크1차(D16),464,99.17,736,102,4.03,6,300,9.7,8,95,6,116156,38035,22,1,131
서구,검단동,서해,168,76.03,464,75,26,2,101,7.93,5,137,1,30647,12281,6,1,234
부평구,갈산동,갈산,235,59.5,90,50,32,3,126,1.73,3,19,1,38996,15338,5,0,238
남동구,서창동,인천서창LH6단지,279,114.74,855,96,4.04,0,231,2.4,2,16,1,30436,11486,5,0,237
미추홀구,학익동,신동아1차,252,79.33,364,104,30,0,238,5.87,5,40,1,55772,21565,10,0,196
미추홀구,주안동,남광로얄,172,85.95,469,29,38.09,4,108,6.18,12,147,1,153821,68743,9,0,196
부평구,십정동,주공뜨란채,308,79.54,920,350,13.05,2,270,2.89,3,39,1,43149,19001,11,0,238
계양구,작전동,도두리마을대동,276,56.19,1299,597,21.03,1,218,1.8,3,39,1,56565,22155,7,0,132
서구,검단동,목화,191,56.19,300,30,28.04,2,112,7.93,5,137,1,30647,12281,6,1,234
서구,검암경서동,가이아샹베르2차,217,109.49,560,432,13.09,3,174,15.23,2,43,0,46090,18491,10,1,234
계양구,효성동,경남2차,215,62.81,156,108,28.07,0,131,4.99,2,36,0,62311,23066,10,0,132
부평구,산곡동,금호이수마운트밸리,296,167.43,1365,82,11,0,221,3.6,7,45,0,94912,33872,19,0,238
계양구,계산동,인정프린스,232,105.78,299,72,26.08,2,272,4.55,5,91,1,84796,34699,17,0,132
서구,검단동,마전2차풍림아이원,184,112.67,109,108,13.11,2,147,7.93,5,137,1,30647,12281,6,1,234
미추홀구,용현동,한양2차,172,85.95,352,191,27.03,2,76,4.22,3,69,2,86717,36458,8,0,196
미추홀구,숭의동,광해리드빌III,181,119,117,13,15,2,130,2.23,12,35,0,43040,19596,3,1,196
연수구,선학동,금호,265,105.78,540,252,26.11,3,217,2.41,3,14,0,19298,8223,2,0,131
남동구,만수동,만수주공3단지,325,56.19,510,1,31.01,2,167,6.01,6,87,0,131757,52168,20,0,237
서구,검단동,검단힐스테이트1단지,234,111.21,348,80,8.01,2,171,7.93,5,137,1,30647,12281,6,1,234
서구,가정동,동우2차,205,46.28,252,180,30.1,2,76,2.6,5,17,0,37186,15556,4,1,234
연수구,선학동,"정광,대진",194,105.78,600,240,27.06,3,142,2.41,3,14,0,19298,8223,2,0,131
서구,당하동,검단1차대주피오레,245,113.29,917,681,11.11,2,181,3.49,1,15,1,50724,17599,9,1,234
남동구,만수동,향촌휴먼시아1단지,278,111.62,3208,12,7.07,2,239,6.01,6,87,0,131757,52168,20,0,237
연수구,옥련동,럭키송도,262,85.95,1304,144,25.01,1,221,2.15,4,31,0,44791,16553,10,0,131
남동구,논현고잔동,에코메트로9단지한화꿈에그린,328,221.27,810,66,7.1,4,250,10.5,4,35,1,40601,14147,0,0,237
남동구,구월동,우정개나리,179,72.72,95,45,35,4,95,5.42,11,118,6,118108,48390,13,0,237
미추홀구,용현동,삼익,200,84.81,168,10,39.08,2,79,4.22,3,69,2,86717,36458,8,0,196
부평구,갈산동,정광,182,56.19,311,59,28.08,3,117,1.73,3,19,1,38996,15338,5,0,238
부평구,청천동,미도6차,223,72.72,222,60,33.1,2,182,4.96,3,46,1,46738,18633,4,0,238
서구,오류왕길동,드림파크어울림1단지,239,111.09,731,237,8.01,4,146,15.56,3,39,0,24570,9054,2,0,234
서구,가좌동,한신休플러스,278,108.04,2276,736,11.02,3,233,9.02,3,64,0,62390,25431,11,1,234
부평구,삼산동,주공미래타운2단지,244,59.5,684,59,18.02,2,235,3.08,2,36,1,70150,24954,12,0,238
연수구,송도동,송도웰카운티1단지,439,108.31,980,105,10.1,6,304,9.7,8,95,6,116156,38035,22,1,131
미추홀구,관교동,성지,260,105.78,420,420,27.04,1,222,0.89,2,13,0,17120,6544,6,0,196
서구,석남동,현광,166,75.08,138,36,29.02,0,61,5.17,3,52,0,54919,23763,7,1,234
계양구,효성동,풍림,241,142.14,342,40,21.02,0,201,4.99,2,36,0,62311,23066,10,0,132
남동구,간석동,한진,262,58.31,600,77,37.08,5,194,4.19,3,88,1,105259,44637,14,0,237
중구,신흥동,삼익,160,85.95,434,7,39.02,1,99,3.52,2,16,0,14389,6288,4,0,58
동구,송현동,송현주공,157,89.25,575,29,25.07,1,99,2.55,2,7,0,15846,6427,1,0,28
남동구,만수동,효성상아1차,227,89.25,360,1,33.05,2,179,6.01,6,87,0,131757,52168,20,0,237
연수구,송도동,송도더샵그린스퀘어,468,85.42,1516,45,4.09,6,299,9.7,8,95,6,116156,38035,22,1,131
미추홀구,용현동,대우,224,95.86,616,132,17.06,2,183,4.22,3,69,2,86717,36458,8,0,196
연수구,송도동,송도더샵센트럴파크I,570,228.18,729,43,8.01,6,328,9.7,8,95,6,116156,38035,22,1,131
미추홀구,학익동,신동아5차,188,148.76,594,90,25.06,0,137,5.87,5,40,1,55772,21565,10,0,196
부평구,부평동,대림1차,278,102.47,1470,480,29,4,223,6.91,16,169,5,160052,69983,12,1,238
남동구,만수동,만수11단지주공,232,105.77,902,80,21.01,2,200,6.01,6,87,0,131757,52168,20,0,237
중구,신흥동,삼익,153,115.7,434,5,39.02,1,99,3.52,2,16,0,14389,6288,4,0,58
서구,검단동,검단2차IPARK,258,172.44,409,56,8.09,2,177,7.93,5,137,1,30647,12281,6,1,234
서구,가좌동,진흥,174,60.22,240,10,31.02,3,110,9.02,3,64,0,62390,25431,11,1,234
미추홀구,도화동,신태양3차,158,69.42,175,5,35,2,58,3.84,4,39,0,44659,19691,12,1,196
동구,만석동,만석웰카운티,239,101.6,178,42,4.06,0,151,1.15,0,1,0,7702,3287,0,0,28
연수구,송도동,송도더샵그린애비뉴7단지,445,114.57,474,104,6.05,6,311,9.7,8,95,6,116156,38035,22,1,131
부평구,부평동,래미안부평,433,112.07,1381,344,4.03,4,335,6.91,16,169,5,160052,69983,12,1,238
미추홀구,용현동,우성,209,109.09,408,225,22.04,2,158,4.22,3,69,2,86717,36458,8,0,196
서구,가정동,예뜰채,238,92.56,93,1,11.01,2,93,2.6,5,17,0,37186,15556,4,1,234
동구,만석동,만석비치타운주공,187,115.15,1273,98,16.01,0,50,1.15,0,1,0,7702,3287,0,0,28
남동구,서창동,인천서창LH11단지,285,113.91,938,40,6.09,0,237,2.4,2,16,1,30436,11486,5,0,237
부평구,삼산동,대보,184,69.42,340,10,33.07,2,94,3.08,2,36,1,70150,24954,12,0,238
서구,원당동,원당e편한세상,225,113.38,449,330,14.04,0,168,6.59,1,15,0,25092,9275,3,1,234
계양구,계산동,신도브래뉴,298,79.63,481,234,13.07,2,151,4.55,5,91,1,84796,34699,17,0,132
남동구,구월동,성문,175,82.64,103,103,22.02,4,115,5.42,11,118,6,118108,48390,13,0,237
남동구,구월동,구월아시아드선수촌센트럴자이,432,113.47,850,85,3.06,4,322,5.42,11,118,6,118108,48390,13,0,237
동구,송림동,동산휴먼시아2단지,219,84.34,863,100,8.01,0,184,2.38,4,18,1,27154,11567,8,1,28
미추홀구,주안동,남광로얄,182,105.78,469,90,38.09,4,102,6.18,12,147,1,153821,68743,9,0,196
남동구,구월동,동아,162,181.81,486,90,27.03,4,113,5.42,11,118,6,118108,48390,13,0,237
계양구,계양동,은영칠성,155,62.81,99,35,30,3,92,30.45,4,63,0,88417,33845,13,0,132
부평구,삼산동,서해그랑블,320,114.2,454,212,7.05,2,276,3.08,2,36,1,70150,24954,12,0,238
서구,가좌동,삼영,163,82.64,190,40,33.09,3,82,9.02,3,64,0,62390,25431,11,1,234
서구,가정동,예뜰채,239,102.47,93,8,11.01,2,97,2.6,5,17,0,37186,15556,4,1,234
연수구,연수동,대명,199,125.62,108,54,25.05,2,171,1.52,10,56,1,66475,28753,11,0,131
연수구,옥련동,현대3차,236,112.39,368,200,22.05,1,191,2.15,4,31,0,44791,16553,10,0,131
연수구,송도동,송도더샵마스터뷰23단지,503,114.34,478,66,3.04,6,397,9.7,8,95,6,116156,38035,22,1,131
미추홀구,주안동,남광로얄,172,85.95,469,4,38.09,4,145,6.18,12,147,1,153821,68743,9,0,196
부평구,부개동,뉴서울,306,62.81,1140,75,29.04,3,106,2.79,3,48,0,75471,28699,17,0,238
미추홀구,학익동,신동아5차,204,132.23,594,120,25.06,0,160,5.87,5,40,1,55772,21565,10,0,196
미추홀구,용현동,동아저층,168,59.5,492,24,29.04,2,109,4.22,3,69,2,86717,36458,8,0,196
계양구,계산동,태산저층,196,56.19,408,180,28.05,2,160,4.55,5,91,1,84796,34699,17,0,132
중구,영종동,신명스카이뷰주얼리,267,79.67,1002,413,5.11,1,182,31.58,1,30,0,37184,15227,6,1,58
부평구,산곡동,현대(307),247,104.41,2204,270,33.02,0,223,3.6,7,45,0,94912,33872,19,0,238
미추홀구,도화동,동아,195,109.09,496,496,26.1,2,151,3.84,4,39,0,44659,19691,12,1,196
계양구,계산동,태산저층,208,59.5,408,36,28.05,2,167,4.55,5,91,1,84796,34699,17,0,132
부평구,부평동,동아1단지,345,142.14,2475,270,32.06,4,216,6.91,16,169,5,160052,69983,12,1,238
남동구,남촌도림동,청호,123,62.81,132,12,27.07,0,68,9.76,1,13,0,23584,9250,3,0,237
계양구,작전동,현대2-2차,219,168.59,904,128,24,1,172,1.8,3,39,1,56565,22155,7,0,132
계양구,계양동,삼우,158,69.42,95,5,32.11,3,79,30.45,4,63,0,88417,33845,13,0,132
연수구,송도동,송도웰카운티2단지,446,107.69,798,25,11.03,6,349,9.7,8,95,6,116156,38035,22,1,131
서구,검단동,마전1차풍림아이원,184,110.19,286,283,14.05,2,175,7.93,5,137,1,30647,12281,6,1,234
서구,검단동,검단힐스테이트2단지,247,110.34,303,36,8.01,2,169,7.93,5,137,1,30647,12281,6,1,234
부평구,십정동,약산,127,82.64,60,30,32.11,2,91,2.89,3,39,1,43149,19001,11,0,238
서구,석남동,경남아너스빌,230,89.25,471,41,12.01,0,189,5.17,3,52,0,54919,23763,7,1,234
계양구,작전동,가나안미도,215,102.47,480,150,28.01,1,187,1.8,3,39,1,56565,22155,7,0,132
강화군,선원면,강화2차세광엔리치빌,164,129.65,497,26,14.09,0,110,21.392,2,4,0,7667,3219,1,0,18
부평구,부개동,리노빌,176,48.35,103,3,15.03,3,111,2.79,3,48,0,75471,28699,17,0,238
부평구,부평동,동아2단지,380,109.09,2128,758,23.1,4,289,6.91,16,169,5,160052,69983,12,1,238
남동구,서창동,인천서창LH8단지,301,114.8,566,52,4.09,0,222,2.4,2,16,1,30436,11486,5,0,237
서구,당하동,검단우림필유,209,141.12,429,54,11.11,2,159,3.49,1,15,1,50724,17599,9,1,234
계양구,계산동,"팬더1,2차",204,76.03,504,36,29.03,2,137,4.55,5,91,1,84796,34699,17,0,132
미추홀구,주안동,선정,208,83.95,103,7,17.09,4,113,6.18,12,147,1,153821,68743,9,0,196
미추홀구,도화동,삼덕진주(108-5),175,105.78,50,30,32.12,2,65,3.84,4,39,0,44659,19691,12,1,196
미추홀구,용현동,삼익,160,114.11,168,1,39.08,2,76,4.22,3,69,2,86717,36458,8,0,196
미추홀구,관교동,풍림,215,165.29,300,180,26.09,1,163,0.89,2,13,0,17120,6544,6,0,196
미추홀구,주안동,인천관교한신休플러스,276,110.49,1509,267,9.02,4,235,6.18,12,147,1,153821,68743,9,0,196
부평구,갈산동,두산,266,122.31,574,380,26.01,3,237,1.73,3,19,1,38996,15338,5,0,238
부평구,삼산동,삼산타운2단지두산위브,326,110.501,1622,87,13.01,2,249,3.08,2,36,1,70150,24954,12,0,238
연수구,송도동,송도아트윈푸르지오,465,118.29,999,12,3.03,6,309,9.7,8,95,6,116156,38035,22,1,131
서구,가좌동,현대3차,229,109.09,263,132,20.01,3,170,9.02,3,64,0,62390,25431,11,1,234
연수구,연수동,유천,268,79.33,788,234,25.03,2,221,1.52,10,56,1,66475,28753,11,0,131
연수구,송도동,송도더샵퍼스트월드,631,412.01,1596,2,9.11,6,355,9.7,8,95,6,116156,38035,22,1,131
남동구,논현고잔동,에코메트로5단지한화꿈에그린,337,114.34,1052,260,8,4,216,10.5,4,35,1,40601,14147,0,0,237
남동구,간석동,성락,212,66.11,122,122,35,5,127,4.19,3,88,1,105259,44637,14,0,237
계양구,작전동,코오롱,221,79.33,480,60,29.02,1,167,1.8,3,39,1,56565,22155,7,0,132
미추홀구,주안동,주안더월드스테이트,334,89.76,3160,1232,10.07,4,291,6.18,12,147,1,153821,68743,9,0,196
남동구,만수동,고운웰리움,238,77.8,101,60,12.04,2,167,6.01,6,87,0,131757,52168,20,0,237
연수구,옥련동,현대3차,290,79.33,368,168,22.05,1,243,2.15,4,31,0,44791,16553,10,0,131
중구,신흥동,경남아너스빌,218,116.75,408,250,13.08,1,171,3.52,2,16,0,14389,6288,4,0,58
미추홀구,학익동,학익두산위브,304,41.07,432,12,7.03,0,194,5.87,5,40,1,55772,21565,10,0,196
남동구,간석동,간석태화,249,79.33,464,186,24.02,5,157,4.19,3,88,1,105259,44637,14,0,237
부평구,십정동,목동휘버스,200,104.01,64,58,13.04,2,94,2.89,3,39,1,43149,19001,11,0,238
중구,영종동,한라비발디,268,127.08,1365,120,6.03,1,142,31.58,1,30,0,37184,15227,6,1,58
미추홀구,학익동,원흥,233,79.33,396,220,22.01,0,170,5.87,5,40,1,55772,21565,10,0,196
서구,청라동,제일풍경채(A11),329,150.54,1071,115,6.08,1,235,2.28,3,63,2,87914,28647,9,1,234
계양구,계산동,초정마을두산,294,149.75,414,126,21.01,2,230,4.55,5,91,0,84796,34699,17,0,132
서구,청라동,청라힐데스하임,402,85.81,1284,344,7.05,1,207,2.28,3,63,2,87914,28647,9,1,234
서구,가좌동,태화,173,79.33,235,130,32.07,3,108,9.02,3,64,0,62390,25431,11,1,234
중구,신흥동,삼익,160,85.95,434,7,39.02,1,99,3.52,2,16,0,14389,6288,4,0,58
미추홀구,주안동,한신休플러스,284,56.32,494,55,12.03,4,204,6.18,12,147,1,153821,68743,9,0,196
연수구,옥련동,영남송도,199,72.72,335,100,34.01,1,62,2.15,4,31,0,44791,16553,10,0,131
서구,청라동,동양엔파트4단지(A26),330,147.181,256,15,7.04,1,220,2.28,3,63,2,87914,28647,9,1,234
연수구,연수동,연수푸르지오3단지,336,130.24,102,33,7.07,2,188,1.52,10,56,1,66475,28753,11,0,131
연수구,옥련동,송학둥지,176,79.33,160,80,35,1,107,2.15,4,31,0,44791,16553,10,0,131
계양구,효성동,중앙,160,56.19,168,42,29.01,0,103,4.99,2,36,0,62311,23066,10,0,132
계양구,계산동,태산저층,202,69.42,408,72,28.05,2,170,4.55,5,91,1,84796,34699,17,0,132
서구,석남동,우림필유,223,109.86,288,150,12.03,0,151,5.17,3,52,0,54919,23763,7,1,234
계양구,효성동,삼보,176,99.17,135,5,34.01,0,89,4.99,2,36,0,62311,23066,10,0,132
계양구,계산동,삼환1차,246,79.33,276,84,29,2,174,4.55,5,91,1,84796,34699,17,0,132
남동구,논현동,유호N-CITY1단지,292,124.94,383,67,5.07,4,239,7.82,5,59,1,66981,26297,21,0,237
계양구,작전동,광명11차,190,79.33,288,24,29,1,135,1.8,3,39,1,56565,22155,7,0,132
서구,검단동,대원레스피아2단지,182,109.9,311,98,14.01,2,136,7.93,5,137,1,30647,12281,6,1,234
남동구,장수서창동,태평2차,209,109.09,577,185,21,0,170,13.97,4,33,1,17742,6450,0,0,237
부평구,부평동,래미안부평,433,112.01,1381,36,4.03,4,335,6.91,16,169,5,160052,69983,12,1,238
부평구,산곡동,한화2단지,347,80.78,1280,526,19.03,0,240,3.6,7,45,0,94912,33872,19,0,238
부평구,부개동,대동,279,62.81,708,108,29.08,3,168,2.79,3,48,0,75471,28699,17,0,238
부평구,십정동,정원,160,56.19,138,138,31.02,2,98,2.89,3,39,1,43149,19001,11,0,238
강화군,강화읍,BAYHILL,169,79.8,179,95,14.03,0,84,24.957,9,27,0,22882,9874,9,0,18
계양구,효성동,풍림,277,105.78,342,156,21.02,0,232,4.99,2,36,0,62311,23066,10,0,132
서구,석남동,동진3차,163,66.11,192,48,28.11,0,110,5.17,3,52,0,54919,23763,7,1,234
남동구,구월동,아주정광,167,62.81,45,20,32.06,4,97,5.42,11,118,6,118108,48390,13,0,237
부평구,산곡동,현대2차,269,105.78,1496,30,30.08,0,208,3.6,7,45,0,94912,33872,19,0,238
서구,검단동,서해,168,76.03,464,72,26,2,105,7.93,5,137,1,30647,12281,6,1,234
미추홀구,용현동,"유원용현1,2차",185,89.25,941,114,29.02,2,125,4.22,3,69,2,86717,36458,8,0,196
서구,검단동,마전4차풍림아이원,191,112.46,216,144,11.11,2,132,7.93,5,137,1,30647,12281,6,1,234
동구,송림동,진로,169,112.39,235,120,19.03,0,120,2.38,4,18,1,27154,11567,8,1,28
부평구,청천동,미가로,344,79.33,170,88,12.04,2,293,4.96,3,46,1,46738,18633,4,0,238
남동구,남촌도림동,풍림3차,249,79.33,735,170,19.02,0,208,9.76,1,13,0,23584,9250,3,0,237
서구,검단동,마전금호어울림,195,112.95,163,89,11.02,2,165,7.93,5,137,1,30647,12281,6,1,234
강화군,선원면,강화2차세광엔리치빌,167,127.36,497,89,14.09,0,110,21.392,2,4,0,7667,3219,1,0,18
서구,연희동,한국(302),199,103.27,392,126,23.1,1,145,9.5,3,38,1,45046,18754,13,0,234
남동구,구월동,동아,205,138.84,486,43,27.03,4,148,5.42,11,118,6,118108,48390,13,0,237
서구,청라동,호반베르디움영무예다음,388,79.86,1051,207,7.07,1,313,2.28,3,63,2,87914,28647,9,1,234
서구,불로대곡동,"동부1,2차",173,79.33,534,144,19.01,0,132,10.8,1,12,0,23627,8709,3,1,234
계양구,작전동,까치태화,259,52.89,1004,428,21.01,1,251,1.8,3,39,1,56565,22155,7,0,132
부평구,삼산동,정광,170,79.33,240,6,29.07,2,111,3.08,2,36,1,70150,24954,12,0,238
연수구,연수동,문남마을,269,59.5,400,400,24,2,235,1.52,10,56,1,66475,28753,11,0,131
미추홀구,용현동,윤성,189,79.33,368,180,25.06,2,101,4.22,3,69,2,86717,36458,8,0,196
서구,검단동,검단2차IPARK,267,161.31,409,163,8.09,2,189,7.93,5,137,1,30647,12281,6,1,234
남동구,만수동,삼환2차,217,72.72,660,180,28.02,2,180,6.01,6,87,0,131757,52168,20,0,237
부평구,산곡동,푸르지오,417,110.39,765,112,7.02,0,317,3.6,7,45,0,94912,33872,19,0,238
남동구,논현고잔동,힐스테이트,388,218.81,594,2,8.01,4,194,10.5,4,35,1,40601,14147,0,0,237
서구,석남동,신광2차,153,82.64,191,160,21.11,0,77,5.17,3,52,0,54919,23763,7,1,234
서구,오류왕길동,드림파크어울림2단지,282,133.87,203,25,8.01,4,93,15.56,3,39,0,24570,9054,2,0,234
부평구,갈산동,동아,236,105.78,280,214,25.06,3,203,1.73,3,19,1,38996,15338,5,0,238
서구,가좌동,진흥,161,54.36,240,30,31.02,3,112,9.02,3,64,0,62390,25431,11,1,234
강화군,선원면,강화2차세광엔리치빌,173,86.65,497,262,14.09,0,114,21.392,2,4,0,7667,3219,1,0,18
남동구,구월동,팬더,244,102.47,946,706,27.02,4,200,5.42,11,118,6,118108,48390,13,0,237
연수구,송도동,송도더샵센트럴파크I,539,204.22,729,22,8.01,6,380,9.7,8,95,6,116156,38035,22,1,131
부평구,산곡동,한양2단지,339,82.64,720,48,33.07,0,218,3.6,7,45,0,94912,33872,19,0,238
연수구,옥련동,우성,261,109.09,498,224,22.03,1,211,2.15,4,31,0,44791,16553,10,0,131
중구,운서동,풍림아이원2차,289,72.72,503,90,16.01,3,217,58.11,3,41,8,24724,11374,9,1,58
부평구,십정동,금호어울림,234,145.28,290,84,10.06,2,189,2.89,3,39,1,43149,19001,11,0,238
계양구,계양동,한성,245,56.19,200,80,28.05,3,134,30.45,4,63,0,88417,33845,13,0,132
부평구,부개동,주공1단지,332,81.32,1044,284,22,3,271,2.79,3,48,0,75471,28699,17,0,238
연수구,송도동,송도더샵마스터뷰23단지,458,96.09,478,64,3.04,6,410,9.7,8,95,6,116156,38035,22,1,131
부평구,삼산동,엠코타운,279,152.59,708,324,11.04,2,223,3.08,2,36,1,70150,24954,12,0,238
서구,오류왕길동,원흥,156,109.09,354,114,25.06,4,55,15.56,3,39,0,24570,9054,2,0,234
동구,만석동,만석웰카운티,221,113.05,178,23,4.06,0,61,1.15,0,1,0,7702,3287,0,0,28
서구,청라동,청라한라비발디,357,131.59,992,168,7.02,1,264,2.28,3,63,2,87914,28647,9,1,234
미추홀구,주안동,신로얄,191,62.81,125,55,38.1,4,123,6.18,12,147,1,153821,68743,9,0,196
연수구,송도동,송도자이하버뷰2단지,441,192.55,523,52,7.1,6,333,9.7,8,95,6,116156,38035,22,1,131
남동구,간석동,간석이삭,246,79.33,180,16,19.03,5,175,4.19,3,88,1,105259,44637,14,0,237
부평구,부평동,대우,330,109.09,308,198,20.04,4,229,6.91,16,169,5,160052,69983,12,1,238
서구,청라동,청라힐데스하임,402,85.81,1284,352,7.05,1,208,2.28,3,63,2,87914,28647,9,1,234
부평구,삼산동,한국,183,62.81,174,84,28.04,2,107,3.08,2,36,1,70150,24954,12,0,238
서구,검암경서동,삼보해피하임4단지,262,108.63,252,128,15.04,3,216,15.23,2,43,0,46090,18491,10,1,234
부평구,부개동,부개역동도센트리움,372,60.5,217,14,4.02,3,240,2.79,3,48,0,75471,28699,17,0,238
부평구,부개동,부개역동도센트리움,372,60.42,217,26,4.02,3,119,2.79,3,48,0,75471,28699,17,0,238
계양구,효성동,삼보,194,82.64,135,15,34.01,0,148,4.99,2,36,0,62311,23066,10,0,132
미추홀구,학익동,학익두산위브,335,25.37,432,12,7.03,0,220,5.87,5,40,1,55772,21565,10,0,196
남동구,논현동,인천논현휴먼시아숲속마을1단지,287,110.71,872,49,9.06,4,246,7.82,5,59,1,66981,26297,21,0,237
남동구,간석동,신동아파밀리에,263,109.47,715,450,11.04,5,182,4.19,3,88,1,105259,44637,14,0,237
서구,신현원창동,신현e편한세상하늘채,278,144.7,3331,598,9.03,0,204,9.82,1,23,0,29127,10973,7,0,234
남동구,서창동,인천서창LH7단지,269,158.14,1196,34,6.06,0,174,2.4,2,16,1,30436,11486,5,0,237
남동구,구월동,신세계,165,112.39,700,42,38.07,4,120,5.42,11,118,6,118108,48390,13,0,237
남동구,간석동,간석LH2단지,300,115.03,792,26,4.01,5,297,4.19,3,88,1,105259,44637,14,0,237
강화군,강화읍,설호,82,76.03,90,10,28.02,0,43,24.957,9,27,0,22882,9874,9,0,18
남동구,논현동,동산마을뜨란채8단지,281,107.55,833,749,12.04,4,237,7.82,5,59,1,66981,26297,21,0,237
계양구,계산동,계산주공,288,52.89,1140,1,27.08,2,246,4.55,5,91,1,84796,34699,17,0,132
미추홀구,관교동,풍림,268,115.7,300,60,26.09,1,220,0.89,2,13,0,17120,6544,6,0,196
서구,가좌동,범양,180,158.67,510,120,28.05,3,136,9.02,3,64,0,62390,25431,11,1,234
계양구,계양동,용정,155,62.81,84,60,30,3,92,30.45,4,63,0,88417,33845,13,0,132
부평구,산곡동,"우성1,2,3차",255,52.89,1980,255,29.02,0,213,3.6,7,45,0,94912,33872,19,0,238
남동구,논현고잔동,에코메트로12단지한화꿈에그린,316,112.17,1298,194,9.05,4,206,10.5,4,35,1,40601,14147,0,0,237
미추홀구,학익동,풍림아이원,229,192.22,2090,96,11,0,172,5.87,5,40,1,55772,21565,10,0,196
연수구,옥련동,현대4차,254,112.39,1011,554,21.07,1,196,2.15,4,31,0,44791,16553,10,0,131
계양구,작전동,현대3차,247,99.17,390,54,26.01,1,188,1.8,3,39,1,56565,22155,7,0,132
미추홀구,용현동,동아저층,171,76.03,492,72,29.04,2,111,4.22,3,69,2,86717,36458,8,0,196
중구,영종동,영종하늘도시우미린1단지,273,83.31,1680,61,6.03,1,174,31.58,1,30,0,37184,15227,6,1,58
미추홀구,도화동,성락,179,72.72,110,60,37.07,2,62,3.84,4,39,0,44659,19691,12,1,196
부평구,부개동,리노빌,287,62.78,103,1,15.03,3,122,2.79,3,48,0,75471,28699,17,0,238
부평구,부개동,부개역동도센트리움,324,55.64,217,15,4.02,3,113,2.79,3,48,0,75471,28699,17,0,238
남동구,구월동,롯데캐슬골드2단지,324,111.28,3384,450,11.04,4,261,5.42,11,118,6,118108,48390,13,0,237
남동구,구월동,구월아시아드선수촌센트럴자이,389,133.66,850,143,3.06,4,299,5.42,11,118,6,118108,48390,13,0,237
미추홀구,학익동,하나2차,203,105.78,112,40,18.09,0,170,5.87,5,40,1,55772,21565,10,0,196
동구,송현동,동부,197,92.56,1140,360,28.07,1,162,2.55,2,7,0,15846,6427,1,0,28
계양구,계산동,은행아주,303,95.86,612,446,21.05,2,265,4.55,5,91,1,84796,34699,17,0,132
계양구,계산동,삼천리,231,62.81,460,100,32.06,2,160,4.55,5,91,1,84796,34699,17,0,132
서구,불로대곡동,백두,141,99.17,175,70,23,0,68,10.8,1,12,0,23627,8709,3,1,234
남동구,만수동,주공2단지,244,90.34,1920,60,31.05,2,177,6.01,6,87,0,131757,52168,20,0,237
계양구,효성동,뉴서울6차,217,99.17,370,20,23.06,0,151,4.99,2,36,0,62311,23066,10,0,132
미추홀구,학익동,풍림아이원,310,109.73,2090,872,11,0,283,5.87,5,40,1,55772,21565,10,0,196
계양구,작전동,도두리마을롯데,258,56.19,641,329,21.01,1,258,1.8,3,39,1,56565,22155,7,0,132
중구,운서동,영종주공스카이빌12단지,182,72.72,323,323,18,3,131,58.11,3,41,8,24724,11374,9,1,58
연수구,옥련동,윤성,189,66.11,132,54,27.08,1,131,2.15,4,31,0,44791,16553,10,0,131
계양구,효성동,삼보,189,92.56,135,5,34.01,0,95,4.99,2,36,0,62311,23066,10,0,132
계양구,효성동,금호어울림,273,99.97,410,14,13.04,0,235,4.99,2,36,0,62311,23066,10,0,132
계양구,계산동,극동,232,49.58,629,60,33.05,2,126,4.55,5,91,1,84796,34699,17,0,132
연수구,연수동,유천,232,105.78,788,554,25.03,2,182,1.52,10,56,1,66475,28753,11,0,131
계양구,작전동,풍림아이원,307,89.61,468,164,15.11,1,210,1.8,3,39,1,56565,22155,7,0,132
서구,청라동,청라자이,333,147.34,884,40,8.06,1,209,2.28,3,63,2,87914,28647,9,1,234
계양구,효성동,롯데,179,62.81,350,10,34,0,193,4.99,2,36,0,62311,23066,10,0,132
중구,신흥동,삼익,153,115.7,434,1,39.02,1,99,3.52,2,16,0,14389,6288,4,0,58
연수구,송도동,송도더샵센트럴파크I,601,239.64,729,42,8.01,6,398,9.7,8,95,6,116156,38035,22,1,131
남동구,구월동,구월힐스테이트3단지,255,111.72,474,63,11.04,4,227,5.42,11,118,6,118108,48390,13,0,237
계양구,계양동,한국,176,69.42,180,12,29.08,3,126,30.45,4,63,0,88417,33845,13,0,132
부평구,부개동,주공1단지,321,84.2,1044,337,22,3,265,2.79,3,48,0,75471,28699,17,0,238
연수구,송도동,송도더샵그린워크3차(D18),495,131.3,780,61,3.02,6,314,9.7,8,95,6,116156,38035,22,1,131
서구,검암경서동,신명스카이뷰Ⅲ,278,109.67,282,220,14.07,3,219,15.23,2,43,0,46090,18491,10,1,234
서구,연희동,한국(682-14),216,105.23,120,40,23.1,1,166,9.5,3,38,1,45046,18754,13,0,234
연수구,청학동,용담마을,227,59.5,500,150,24.03,0,176,2.39,7,30,0,28698,12722,4,0,131
미추홀구,학익동,신동아4차,266,69.42,630,150,28.01,0,205,5.87,5,40,1,55772,21565,10,0,196
미추홀구,용현동,금호2단지2차,259,92.56,666,156,18.07,2,203,4.22,3,69,2,86717,36458,8,0,196
연수구,옥련동,현대1차,276,56.19,674,68,24,1,200,2.15,4,31,0,44791,16553,10,0,131
미추홀구,주안동,쌍용주안,249,102.47,768,28,33.04,4,171,6.18,12,147,1,153821,68743,9,0,196
강화군,강화읍,그랑드빌,131,145.45,98,20,18,0,69,24.957,9,27,0,22882,9874,9,0,18
계양구,효성동,뉴서울5차,255,79.33,648,260,24,0,93,4.99,2,36,0,62311,23066,10,0,132
계양구,계산동,삼보3차,212,66.11,366,180,30.01,2,143,4.55,5,91,1,84796,34699,17,0,132
계양구,효성동,풍림,217,238.01,342,2,21.02,0,143,4.99,2,36,0,62311,23066,10,0,132
남동구,논현동,단풍마을뜨란채11단지,283,106.82,898,80,12.04,4,234,7.82,5,59,1,66981,26297,21,0,237
서구,검암경서동,신명스카이뷰골드,246,111.78,311,311,14.04,3,192,15.23,2,43,0,46090,18491,10,1,234
동구,화수동,미륭,184,59.5,560,170,28.06,0,113,0.61,2,13,0,15690,6859,2,1,28
부평구,삼산동,행복마을서해그랑블,396,140.06,822,462,14.04,2,307,3.08,2,36,1,70150,24954,12,0,238
계양구,효성동,두산,265,79.33,957,390,21.09,0,120,4.99,2,36,0,62311,23066,10,0,132
서구,검암경서동,우정에쉐르,235,79.75,292,72,12.07,3,194,15.23,2,43,0,46090,18491,10,1,234
부평구,산곡동,수암,375,69.42,170,20,30.02,0,261,3.6,7,45,0,94912,33872,19,0,238
미추홀구,용현동,우성,197,82.64,408,183,22.04,2,157,4.22,3,69,2,86717,36458,8,0,196
중구,송월동,송월,137,52.89,340,120,38.05,0,61,2,1,3,0,5045,2272,0,0,58
미추홀구,숭의동,동아시티월드,120,161.98,88,9,21.02,2,71,2.23,12,35,0,43040,19596,3,1,196
서구,청라동,동양엔파트4단지(A26),352,147.62,256,110,7.04,1,277,2.28,3,63,2,87914,28647,9,1,234
중구,신흥동,삼익,167,62.81,434,64,39.02,1,103,3.52,2,16,0,14389,6288,4,0,58
계양구,효성동,현대4차,266,109.09,919,394,23,0,217,4.99,2,36,0,62311,23066,10,0,132
계양구,계양동,한진해모로,348,78.99,478,478,12.05,3,269,30.45,4,63,0,88417,33845,13,0,132
계양구,효성동,서광,175,82.64,140,30,35.01,0,112,4.99,2,36,0,62311,23066,10,0,132
부평구,갈산동,태화(2동),190,178.51,390,104,26.05,3,154,1.73,3,19,1,38996,15338,5,0,238
남동구,구월동,구월힐스테이트1단지,301,87.98,5076,449,11.04,4,267,5.42,11,118,6,118108,48390,13,0,237
남동구,간석동,한진,206,109.42,600,33,37.08,5,163,4.19,3,88,1,105259,44637,14,0,237
서구,오류왕길동,검단e편한세상,241,180.83,1003,58,11.06,4,133,15.56,3,39,0,24570,9054,2,0,234
부평구,삼산동,신성미소지움,303,156.77,1030,240,13.07,2,166,3.08,2,36,1,70150,24954,12,0,238
남동구,구월동,해창,167,89.25,150,40,34.1,4,92,5.42,11,118,6,118108,48390,13,0,237
중구,신흥동,누리타워,143,122.31,95,38,24,1,78,3.52,2,16,0,14389,6288,4,0,58
서구,당하동,검단힐스테이트4차,283,142.01,588,210,6.1,2,151,3.49,1,15,1,50724,17599,9,1,234
부평구,삼산동,부영,171,76.03,280,70,34.04,2,89,3.08,2,36,1,70150,24954,12,0,238
부평구,십정동,금호어울림,254,113.09,290,206,10.06,2,225,2.89,3,39,1,43149,19001,11,0,238
부평구,부평동,래미안부평,374,151.15,1381,39,4.03,4,275,6.91,16,169,5,160052,69983,12,1,238
서구,가정동,대진1차,162,72.72,78,48,28.05,2,76,2.6,5,17,0,37186,15556,4,1,234
미추홀구,학익동,신동아1차,287,49.58,364,104,30,0,227,5.87,5,40,1,55772,21565,10,0,196
계양구,작전동,현대,188,82.64,150,40,33.08,1,139,1.8,3,39,1,56565,22155,7,0,132
서구,검단동,검단힐스테이트2차,262,152.85,309,11,8.09,2,177,7.93,5,137,1,30647,12281,6,1,234
계양구,계양동,한일,155,62.81,96,36,29.07,3,92,30.45,4,63,0,88417,33845,13,0,132
동구,송현동,솔빛마을주공1차,227,89.25,2711,4,15.08,1,203,2.55,2,7,0,15846,6427,1,0,28
서구,가좌동,하나,154,79.33,300,70,35.04,3,200,9.02,3,64,0,62390,25431,11,1,234
서구,오류왕길동,원흥,160,171.9,354,12,25.06,4,95,15.56,3,39,0,24570,9054,2,0,234
남동구,만수동,향촌휴먼시아1단지,284,109,3208,42,7.07,2,260,6.01,6,87,0,131757,52168,20,0,237
미추홀구,용현동,용현동아,161,105.78,400,15,28,2,213,4.22,3,69,2,86717,36458,8,0,196
서구,검단동,동남1차,214,76.03,370,146,20.03,2,178,7.93,5,137,1,30647,12281,6,1,234
부평구,부평동,대림1차,295,69.42,1470,420,29,4,227,6.91,16,169,5,160052,69983,12,1,238
서구,석남동,신광1차,163,82.64,134,17,23.09,0,91,5.17,3,52,0,54919,23763,7,1,234
연수구,연수동,동남,202,128.92,420,150,24.09,2,163,1.52,10,56,1,66475,28753,11,0,131
서구,불로대곡동,퀸스타운신명,153,165.29,614,80,20,0,103,10.8,1,12,0,23627,8709,3,1,234
미추홀구,도화동,한승美메이드,179,89.25,93,63,12.09,2,101,3.84,4,39,0,44659,19691,12,1,196
계양구,계산동,신도브래뉴,280,105.49,481,207,13.07,2,251,4.55,5,91,1,84796,34699,17,0,132
부평구,삼산동,동남,144,69.42,138,30,29,2,88,3.08,2,36,1,70150,24954,12,0,238
부평구,십정동,한국,236,79.33,194,34,20.11,2,195,2.89,3,39,1,43149,19001,11,0,238
미추홀구,학익동,신동아8차,234,109.09,538,320,21.06,0,300,5.87,5,40,1,55772,21565,10,0,196
미추홀구,학익동,대동1차,170,66.11,402,168,30.07,0,222,5.87,5,40,1,55772,21565,10,0,196
중구,신흥동,항운,294,59.5,497,150,38.05,1,34,3.52,2,16,0,14389,6288,4,0,58
남동구,구월동,구월힐스테이트1단지,264,147.74,5076,1093,11.04,4,200,5.42,11,118,6,118108,48390,13,0,237
남동구,남촌도림동,풍림3차,222,105.78,735,346,19.02,0,180,9.76,1,13,0,23584,9250,3,0,237
계양구,계산동,영남,193,59.5,360,60,28,2,154,4.55,5,91,1,84796,34699,17,0,132
연수구,옥련동,럭키송도,231,125.62,1304,216,25.01,1,175,2.15,4,31,0,44791,16553,10,0,131
남동구,만수동,주공2단지,242,83.73,1920,240,31.05,2,175,6.01,6,87,0,131757,52168,20,0,237
계양구,계산동,초정마을두산,299,120.53,414,288,21.01,2,241,4.55,5,91,0,84796,34699,17,0,132
계양구,작전동,우남푸르미아,257,104.73,117,52,12.02,1,126,1.8,3,39,1,56565,22155,7,0,132
남동구,구월동,동아,154,201.65,486,15,27.03,4,102,5.42,11,118,6,118108,48390,13,0,237
서구,청라동,호반베르디움(20B),339,113.52,620,168,7.02,1,255,2.28,3,63,2,87914,28647,9,1,234
미추홀구,용현동,용현엠코,237,111.9,171,12,8.02,2,157,4.22,3,69,2,86717,36458,8,0,196
연수구,청학동,하나타운1차,241,105.78,724,270,23.09,0,199,2.39,7,30,0,28698,12722,4,0,131
부평구,삼산동,정광,174,56.19,240,162,29.07,2,120,3.08,2,36,1,70150,24954,12,0,238
연수구,송도동,송도더샵센트럴파크I,509,167.97,729,43,8.01,6,379,9.7,8,95,6,116156,38035,22,1,131
미추홀구,용현동,용현동아,161,105.78,400,385,28,2,228,4.22,3,69,2,86717,36458,8,0,196
서구,청라동,청라자이,332,147.77,884,222,8.06,1,208,2.28,3,63,2,87914,28647,9,1,234
미추홀구,주안동,주안더월드스테이트,336,89.25,3160,23,10.07,4,192,6.18,12,147,1,153821,68743,9,0,196
미추홀구,학익동,학익두산위브,300,28.35,432,5,7.03,0,166,5.87,5,40,1,55772,21565,10,0,196
부평구,부개동,성업,183,62.81,80,40,33.07,3,227,2.79,3,48,0,75471,28699,17,0,238
남동구,간석동,한진,245,67.39,600,12,37.08,5,163,4.19,3,88,1,105259,44637,14,0,237
서구,당하동,당하푸르지오,283,95.42,719,76,13.11,2,220,3.49,1,15,1,50724,17599,9,1,234
동구,만석동,만석웰카운티,240,101.25,178,20,4.06,0,152,1.15,0,1,0,7702,3287,0,0,28
서구,가정동,인향,145,79.33,132,36,29,2,69,2.6,5,17,0,37186,15556,4,1,234
부평구,부평동,동아1단지,405,102.47,2475,510,32.06,4,234,6.91,16,169,5,160052,69983,12,1,238
계양구,작전서운동,임광그대家,328,112.79,355,26,9.02,0,257,3.79,4,23,0,33228,12215,5,0,132
남동구,논현고잔동,에코메트로12단지한화꿈에그린,318,111.81,1298,370,9.05,4,220,10.5,4,35,1,40601,14147,0,0,237
연수구,동춘동,현대1차,284,105.78,1040,1040,25.11,2,208,3.4,4,22,3,57013,18287,12,0,131
계양구,계산동,용종신대진,313,49.58,562,160,21.04,2,259,4.55,5,91,0,84796,34699,17,0,132
계양구,작전동,가나안미도,211,92.56,480,30,28.01,1,181,1.8,3,39,1,56565,22155,7,0,132
계양구,계산동,계산주공,288,52.89,1140,299,27.08,2,236,4.55,5,91,1,84796,34699,17,0,132
부평구,삼산동,삼산타운6단지,427,107.693,784,392,14.04,2,339,3.08,2,36,1,70150,24954,12,0,238
중구,신흥동,경남아너스빌,224,109.18,408,22,13.08,1,174,3.52,2,16,0,14389,6288,4,0,58
계양구,작전동,선우,210,76.03,210,150,32.1,1,151,1.8,3,39,1,56565,22155,7,0,132
중구,영종동,영종하늘도시힐스테이트,308,110.48,1628,124,6.01,1,190,31.58,1,30,0,37184,15227,6,1,58
부평구,십정동,한국,218,85.95,194,44,20.11,2,180,2.89,3,39,1,43149,19001,11,0,238
중구,연안동,라이프비취1차,145,79.33,546,210,38.09,0,90,4.7,0,8,0,7212,3610,1,0,58
동구,화수동,화도진그린빌,215,85.95,365,53,17.01,0,180,0.61,2,13,0,15690,6859,2,1,28
부평구,삼산동,광명12차,193,72.72,456,192,28.05,2,143,3.08,2,36,1,70150,24954,12,0,238
미추홀구,숭의동,극동,170,105.78,133,8,21.02,2,99,2.23,12,35,0,43040,19596,3,1,196
서구,당하동,당하푸르지오,239,131.83,719,153,13.11,2,171,3.49,1,15,1,50724,17599,9,1,234
서구,청라동,청라자이,344,123.5,884,16,8.06,1,221,2.28,3,63,2,87914,28647,9,1,234
계양구,작전동,동보1차,242,82.64,1187,475,23.08,1,197,1.8,3,39,1,56565,22155,7,0,132
서구,가좌동,삼영,163,82.64,190,40,33.09,3,82,9.02,3,64,0,62390,25431,11,1,234
서구,연희동,우성,206,109.09,410,242,21.06,1,145,9.5,3,38,1,45046,18754,13,0,234
부평구,갈산동,한국,315,79.33,280,64,25.07,3,284,1.73,3,19,1,38996,15338,5,0,238
연수구,동춘동,조흥,227,112.39,97,59,21.1,2,182,3.4,4,22,3,57013,18287,12,0,131
남동구,만수동,주공8단지,217,49.58,1440,960,28,2,171,6.01,6,87,0,131757,52168,20,0,237
남동구,구월동,롯데캐슬골드2단지,324,111.28,3384,86,11.04,4,261,5.42,11,118,6,118108,48390,13,0,237
부평구,부평동,래미안부평,374,151.18,1381,44,4.03,4,275,6.91,16,169,5,160052,69983,12,1,238
남동구,장수서창동,태평1차,211,92.56,435,21,23.01,0,178,13.97,4,33,1,17742,6450,0,0,237
계양구,효성동,현대4차,243,76.03,919,25,23,0,206,4.99,2,36,0,62311,23066,10,0,132
연수구,동춘동,건영,273,85.95,970,50,24.08,2,227,3.4,4,22,3,57013,18287,12,0,131
계양구,계산동,한미삼오,218,82.64,151,79,22,2,177,4.55,5,91,1,84796,34699,17,0,132
미추홀구,용현동,한양2차,175,105.78,352,96,27.03,2,107,4.22,3,69,2,86717,36458,8,0,196
미추홀구,학익동,태산,221,79.33,252,168,20.02,0,170,5.87,5,40,1,55772,21565,10,0,196
서구,검암경서동,신명스카이뷰II,251,109.46,325,325,15.02,3,192,15.23,2,43,0,46090,18491,10,1,234
미추홀구,용현동,"금호타운1,2차",217,105.78,1170,90,27.01,2,161,4.22,3,69,2,86717,36458,8,0,196
남동구,서창동,인천서창LH8단지,311,101.32,566,23,4.09,0,232,2.4,2,16,1,30436,11486,5,0,237
서구,검단동,하나2차,175,105.78,477,231,17.07,2,145,7.93,5,137,1,30647,12281,6,1,234
부평구,부개동,주공3단지,307,80.41,1724,160,22.02,3,280,2.79,3,48,0,75471,28699,17,0,238
서구,당하동,검단힐스테이트6차,335,109.09,454,162,5.01,2,174,3.49,1,15,1,50724,17599,9,1,234
부평구,삼산동,삼산타운1단지,383,70.55,1873,85,13.06,2,325,3.08,2,36,1,70150,24954,12,0,238
부평구,갈산동,동남,216,106.54,278,96,26.03,3,164,1.73,3,19,1,38996,15338,5,0,238
부평구,청천동,청천푸르지오,315,79.33,2257,727,20.06,2,246,4.96,3,46,1,46738,18633,4,0,238
서구,검단동,검단IPARK,241,149.21,573,51,11.11,2,175,7.93,5,137,1,30647,12281,6,1,234
부평구,산곡동,한신休,249,115.51,703,20,15.11,0,212,3.6,7,45,0,94912,33872,19,0,238
부평구,삼산동,벽산블루밍,372,76.02,412,180,13,2,309,3.08,2,36,1,70150,24954,12,0,238
연수구,옥련동,현대1차,231,112.39,674,249,24,1,195,2.15,4,31,0,44791,16553,10,0,131
미추홀구,학익동,신동아3차,266,69.42,894,168,28.1,0,205,5.87,5,40,1,55772,21565,10,0,196
서구,당하동,당하푸르지오,283,95.42,719,159,13.11,2,220,3.49,1,15,1,50724,17599,9,1,234
연수구,연수동,경남,289,89.25,620,246,25.07,2,261,1.52,10,56,1,66475,28753,11,0,131
부평구,산곡동,현대(179-92),241,109.89,384,174,19.01,0,213,3.6,7,45,0,94912,33872,19,0,238
서구,청라동,제일풍경채(A11),330,150.07,1071,343,6.08,1,265,2.28,3,63,2,87914,28647,9,1,234
미추홀구,주안동,연흥(8동),182,66.11,235,140,33,4,110,6.18,12,147,1,153821,68743,9,0,196
서구,오류왕길동,검단자이2단지,247,113.36,413,125,8,4,136,15.56,3,39,0,24570,9054,2,0,234
남동구,논현동,주공13단지,304,70.29,785,270,12.06,4,192,7.82,5,59,1,66981,26297,21,0,237
연수구,송도동,송도센트럴파크푸르지오,566,131.16,551,38,3.06,6,314,9.7,8,95,6,116156,38035,22,1,131
부평구,부평동,부평LH2단지,290,110.47,704,298,6.05,4,222,6.91,16,169,5,160052,69983,12,1,238
연수구,송도동,송도더샵센트럴파크I,437,154.3,729,43,8.01,6,342,9.7,8,95,6,116156,38035,22,1,131
서구,가정동,하나3차,215,125.62,274,26,25.02,2,121,2.6,5,17,0,37186,15556,4,1,234
남동구,만수동,향촌휴먼시아1단지,270,144.22,3208,204,7.07,2,237,6.01,6,87,0,131757,52168,20,0,237
부평구,삼산동,신성미소지움,322,201.87,1030,100,13.07,2,185,3.08,2,36,1,70150,24954,12,0,238
서구,가좌동,상아,158,76.03,150,5,33.01,3,82,9.02,3,64,0,62390,25431,11,1,234
미추홀구,주안동,주안더월드스테이트,311,115.7,3160,74,10.07,4,259,6.18,12,147,1,153821,68743,9,0,196
연수구,청학동,동보,211,109.09,135,60,22.06,0,176,2.39,7,30,0,28698,12722,4,0,131
미추홀구,용현동,삼익,160,113.91,168,54,39.08,2,118,4.22,3,69,2,86717,36458,8,0,196
계양구,계양동,계양센트레빌3단지,294,153.05,454,62,5.05,3,229,30.45,4,63,0,88417,33845,13,0,132
서구,검단동,검단힐스테이트1단지,195,163.76,348,38,8.01,2,119,7.93,5,137,1,30647,12281,6,1,234
미추홀구,주안동,인천관교한신休플러스,249,148.37,1509,119,9.02,4,231,6.18,12,147,1,153821,68743,9,0,196
계양구,작전동,우남푸르미아,256,105.19,117,11,12.02,1,129,1.8,3,39,1,56565,22155,7,0,132
동구,송림동,풍림아이원,235,110.85,1355,603,10.02,0,203,2.38,4,18,1,27154,11567,8,1,28
연수구,연수동,우주,188,109.09,230,230,26.06,2,156,1.52,10,56,1,66475,28753,11,0,131
부평구,부개동,백영,277,79.33,128,84,19.1,3,223,2.79,3,48,0,75471,28699,17,0,238
서구,청라동,청라엑슬루타워,331,149.51,616,208,7,1,235,2.28,3,63,2,87914,28647,9,1,234
계양구,작전동,가나안미도,200,82.64,480,90,28.01,1,178,1.8,3,39,1,56565,22155,7,0,132
계양구,작전동,팬더(864-17),216,69.42,82,36,28.08,1,133,1.8,3,39,1,56565,22155,7,0,132
남동구,논현동,웰카운티,478,239.29,888,8,10.04,4,199,7.82,5,59,1,66981,26297,21,0,237
부평구,청천동,청천푸르지오,270,109.09,2257,790,20.06,2,220,4.96,3,46,1,46738,18633,4,0,238
부평구,청천동,인향,177,105.78,266,152,24.11,2,112,4.96,3,46,1,46738,18633,4,0,238
부평구,산곡동,경남1차,243,95.86,810,120,28,0,206,3.6,7,45,0,94912,33872,19,0,238
미추홀구,주안동,두산,200,112.39,76,38,20.1,4,108,6.18,12,147,1,153821,68743,9,0,196
부평구,삼산동,서해그랑블,316,115.57,454,242,7.05,2,273,3.08,2,36,1,70150,24954,12,0,238
남동구,만수동,주공1단지,279,42.97,516,250,32.01,2,199,6.01,6,87,0,131757,52168,20,0,237
중구,운서동,풍림아이원(8단지),221,147.03,236,236,15.1,3,98,58.11,3,41,8,24724,11374,9,1,58
남동구,만수동,만수주공3단지,314,66.11,510,13,31.01,2,227,6.01,6,87,0,131757,52168,20,0,237
남동구,간석동,간석래미안자이,362,111.22,2432,324,10.1,5,315,4.19,3,88,1,105259,44637,14,0,237
미추홀구,용현동,"금호타운1,2차",190,142.14,1170,180,27.01,2,151,4.22,3,69,2,86717,36458,8,0,196
계양구,작전동,유호,233,79.33,299,125,23,1,208,1.8,3,39,1,56565,22155,7,0,132
미추홀구,용현동,금호어울림4단지,270,107.25,209,86,8.1,2,214,4.22,3,69,2,86717,36458,8,0,196
미추홀구,학익동,태산,202,112.39,252,84,20.02,0,138,5.87,5,40,1,55772,21565,10,0,196
서구,연희동,광명17차,216,112.39,604,338,21.11,1,160,9.5,3,38,1,45046,18754,13,0,234
서구,청라동,청라롯데캐슬,348,177.98,828,240,5.1,1,242,2.28,3,63,2,87914,28647,9,1,234
서구,오류왕길동,드림파크어울림1단지,249,112.28,731,74,8.01,4,147,15.56,3,39,0,24570,9054,2,0,234
계양구,계양동,계양벽산블루밍,257,116.56,138,12,9.02,3,202,30.45,4,63,0,88417,33845,13,0,132
계양구,계산동,한미삼오,206,95.86,151,15,22,2,163,4.55,5,91,1,84796,34699,17,0,132
부평구,부개동,주공3단지,320,79.22,1724,400,22.02,3,283,2.79,3,48,0,75471,28699,17,0,238
남동구,간석동,간석LH2단지,300,115.02,792,162,4.01,5,302,4.19,3,88,1,105259,44637,14,0,237
중구,영종동,영종하늘도시한양수자인,269,85.45,1304,72,6.03,1,193,31.58,1,30,0,37184,15227,6,1,58
서구,검단동,검단힐스테이트2단지,211,163.76,303,38,8.01,2,128,7.93,5,137,1,30647,12281,6,1,234
남동구,간석동,한진,246,67.13,600,60,37.08,5,178,4.19,3,88,1,105259,44637,14,0,237
남동구,구월동,구월힐스테이트1단지,341,65.98,5076,108,11.04,4,296,5.42,11,118,6,118108,48390,13,0,237
서구,연희동,태영,213,109.09,390,170,22.01,1,160,9.5,3,38,1,45046,18754,13,0,234
중구,신흥동,항운,294,59.5,497,12,38.05,1,34,3.52,2,16,0,14389,6288,4,0,58
연수구,연수동,연수푸르지오2단지,372,162.76,110,54,7.07,2,169,1.52,10,56,1,66475,28753,11,0,131
남동구,만수동,광명,224,92.56,870,120,27.01,2,194,6.01,6,87,0,131757,52168,20,0,237
남동구,장수서창동,서해그랑블,222,137.11,523,55,10.07,2,164,13.97,4,33,1,17742,6450,0,0,237
부평구,부평동,부평,246,79.33,260,100,37.03,4,126,6.91,16,169,5,160052,69983,12,1,238
중구,영종동,영종하늘도시우미린1단지,272,83.62,1680,206,6.03,1,173,31.58,1,30,0,37184,15227,6,1,58
부평구,갈산동,갈산주공1단지,282,72.72,1650,90,26.02,3,230,1.73,3,19,1,38996,15338,5,0,238
미추홀구,학익동,학익두산위브,398,177.77,432,122,7.03,0,235,5.87,5,40,1,55772,21565,10,0,196
미추홀구,학익동,신동아2차,266,89.25,574,80,29.05,0,205,5.87,5,40,1,55772,21565,10,0,196
부평구,부평동,삼진,199,62.81,90,60,35.03,4,88,6.91,16,169,5,160052,69983,12,1,238
서구,검단동,검단2차IPARK,267,161.35,409,30,8.09,2,189,7.93,5,137,1,30647,12281,6,1,234
연수구,송도동,송도더샵그린워크3차(D18),489,111.47,780,31,3.02,6,313,9.7,8,95,6,116156,38035,22,1,131
부평구,일신동,일신주공,227,85.95,967,218,23,0,192,4.31,1,6,0,13912,5195,2,0,238
부평구,부개동,신삼호,189,66.11,60,20,37.05,3,166,2.79,3,48,0,75471,28699,17,0,238
계양구,효성동,동아,189,59.5,270,145,32.07,0,125,4.99,2,36,0,62311,23066,10,0,132
미추홀구,주안동,주안더월드스테이트,255,158.67,3160,105,10.07,4,219,6.18,12,147,1,153821,68743,9,0,196
동구,송림동,삼익,125,112.39,264,132,40.12,0,80,2.38,4,18,1,27154,11567,8,1,28
서구,검단동,검단힐스테이트1단지,195,164.47,348,38,8.01,2,119,7.93,5,137,1,30647,12281,6,1,234
계양구,작전동,우주,183,62.81,95,30,31.02,1,129,1.8,3,39,1,56565,22155,7,0,132
연수구,송도동,송도더샵그린워크2차(D11),501,154.74,665,43,4.03,6,311,9.7,8,95,6,116156,38035,22,1,131
서구,검암경서동,삼보해피하임4단지,283,92.6,252,60,15.04,3,243,15.23,2,43,0,46090,18491,10,1,234
남동구,서창동,인천서창LH7단지,276,132.391,1196,23,6.06,0,196,2.4,2,16,1,30436,11486,5,0,237
미추홀구,주안동,쌍용주안,249,102.47,768,140,33.04,4,167,6.18,12,147,1,153821,68743,9,0,196
연수구,청학동,송도영남,209,66.11,335,80,34.11,0,88,2.39,7,30,0,28698,12722,4,0,131
중구,신흥동,삼익,153,115.7,434,1,39.02,1,99,3.52,2,16,0,14389,6288,4,0,58
미추홀구,주안동,미도,172,95.86,170,140,34.07,4,128,6.18,12,147,1,153821,68743,9,0,196
남동구,간석동,간석래미안자이,361,111.41,2432,155,10.1,5,259,4.19,3,88,1,105259,44637,14,0,237
남동구,간석동,간석마을풍림아이원,260,144.3,922,100,14.03,5,159,4.19,3,88,1,105259,44637,14,0,237
서구,당하동,영남탑스빌,197,148.76,1042,124,18.09,2,130,3.49,1,15,1,50724,17599,9,1,234
남동구,장수서창동,현대모닝사이드,193,155.37,630,76,16.01,0,148,13.97,4,33,1,17742,6450,0,0,237
계양구,효성동,롯데,179,62.81,350,20,34,0,193,4.99,2,36,0,62311,23066,10,0,132
서구,불로대곡동,퀸스타운신명,211,79.33,614,234,20,0,158,10.8,1,12,0,23627,8709,3,1,234
동구,화수동,화도진그린빌,208,105.78,365,101,17.01,0,175,0.61,2,13,0,15690,6859,2,1,28
부평구,산곡동,경남4차,242,82.64,776,286,24.07,0,208,3.6,7,45,0,94912,33872,19,0,238
서구,가좌동,하나,154,79.33,300,180,35.04,3,206,9.02,3,64,0,62390,25431,11,1,234
남동구,간석동,간석래미안자이,330,145.6,2432,320,10.1,5,225,4.19,3,88,1,105259,44637,14,0,237
서구,당하동,검단힐스테이트5차,309,108.5,412,60,5.09,2,167,3.49,1,15,1,50724,17599,9,1,234
미추홀구,용현동,엑슬루타워,266,84.67,630,57,7.03,2,81,4.22,3,69,2,86717,36458,8,0,196
서구,가좌동,동남,172,72.72,160,30,32.06,3,86,9.02,3,64,0,62390,25431,11,1,234
남동구,논현고잔동,에코메트로7단지한화꿈에그린,324,114.28,848,322,8,4,210,10.5,4,35,1,40601,14147,0,0,237
남동구,만수동,벽산,284,79.33,2073,638,18.07,2,219,6.01,6,87,0,131757,52168,20,0,237
미추홀구,용현동,서해,189,105.78,299,14,24.09,2,186,4.22,3,69,2,86717,36458,8,0,196
부평구,갈산동,갈산주공1단지,272,49.58,1650,540,26.02,3,223,1.73,3,19,1,38996,15338,5,0,238
남동구,만수동,삼환1차,235,62.81,660,180,29.04,2,193,6.01,6,87,0,131757,52168,20,0,237
남동구,구월동,우정개나리,182,66.11,95,50,35,4,96,5.42,11,118,6,118108,48390,13,0,237
부평구,부개동,뉴서울,285,56.19,1140,1065,29.04,3,88,2.79,3,48,0,75471,28699,17,0,238
부평구,부평동,예지,169,82.64,100,100,30.08,4,103,6.91,16,169,5,160052,69983,12,1,238
남동구,구월동,구월아시아드선수촌센트럴자이,432,113.47,850,29,3.06,4,322,5.42,11,118,6,118108,48390,13,0,237
계양구,작전동,현대3차,238,109.09,390,166,26.01,1,187,1.8,3,39,1,56565,22155,7,0,132
연수구,옥련동,아주1차,241,105.78,384,72,21.04,1,164,2.15,4,31,0,44791,16553,10,0,131
부평구,갈산동,동남,217,105.82,278,182,26.03,3,165,1.73,3,19,1,38996,15338,5,0,238
중구,송월동,남경포브,214,78.38,142,62,12.03,0,147,2,1,3,0,5045,2272,0,0,58
연수구,옥련동,풍림,254,109.09,386,58,20.09,1,202,2.15,4,31,0,44791,16553,10,0,131
부평구,산곡동,한신1차,285,56.19,542,104,32.02,0,213,3.6,7,45,0,94912,33872,19,0,238
계양구,작전동,신한,189,66.11,100,100,34.12,1,147,1.8,3,39,1,56565,22155,7,0,132
중구,영종동,영종하늘도시힐스테이트,303,112.18,1628,122,6.01,1,187,31.58,1,30,0,37184,15227,6,1,58
서구,불로대곡동,신명스카이뷰,185,106.51,120,60,11.08,0,146,10.8,1,12,0,23627,8709,3,1,234
미추홀구,주안동,쌍용주안,275,89.25,768,69,33.04,4,174,6.18,12,147,1,153821,68743,9,0,196
남동구,간석동,간석마을풍림아이원,305,109.93,922,488,14.03,5,184,4.19,3,88,1,105259,44637,14,0,237
남동구,만수동,영풍1차,251,105.78,132,36,21.03,2,175,6.01,6,87,0,131757,52168,20,0,237
부평구,산곡동,한양2단지,337,72.72,720,32,33.07,0,195,3.6,7,45,0,94912,33872,19,0,238
연수구,송도동,송도자이하버뷰2단지,446,130.19,523,50,7.1,6,314,9.7,8,95,6,116156,38035,22,1,131
남동구,간석동,동국,217,79.33,120,5,36,5,132,4.19,3,88,1,105259,44637,14,0,237
서구,청라동,반도유보라1차,332,126.67,174,30,7.02,1,211,2.28,3,63,2,87914,28647,9,1,234
서구,가정동,하나3차,220,102.47,274,70,25.02,2,151,2.6,5,17,0,37186,15556,4,1,234
남동구,서창동,인천서창LH7단지,276,132.39,1196,10,6.06,0,196,2.4,2,16,1,30436,11486,5,0,237
부평구,갈산동,하나타운,279,105.78,526,526,26.01,3,236,1.73,3,19,1,38996,15338,5,0,238
미추홀구,용현동,금호2단지1차,245,109.09,640,120,19.01,2,193,4.22,3,69,2,86717,36458,8,0,196
연수구,동춘동,대우2차,235,148.76,888,128,23.04,2,188,3.4,4,22,3,57013,18287,12,0,131
계양구,계산동,삼천리,223,59.5,460,80,32.06,2,136,4.55,5,91,1,84796,34699,17,0,132
미추홀구,용현동,한국,216,79.33,298,154,22,2,166,4.22,3,69,2,86717,36458,8,0,196
남동구,만수동,효성상아2차,244,102.47,180,180,29.04,2,190,6.01,6,87,0,131757,52168,20,0,237
연수구,송도동,송도더샵마스터뷰22단지,505,113.91,691,28,3.04,6,314,9.7,8,95,6,116156,38035,22,1,131
미추홀구,용현동,용현엠코,263,91.35,171,26,8.02,2,199,4.22,3,69,2,86717,36458,8,0,196
부평구,부평동,두산위브,361,76.09,280,105,13.1,4,283,6.91,16,169,5,160052,69983,12,1,238
계양구,작전동,삼보,227,105.78,454,208,23.08,1,151,1.8,3,39,1,56565,22155,7,0,132
