"","구군","지역","항목","2016.01","2016.02","2016.03","2016.04","2016.05","2016.06","2016.07","2016.08","2016.09","2016.1","2016.11","2016.12","2017.01","2017.02","2017.03","2017.04","2017.05","2017.06","2017.07","2017.08","2017.09","2017.1","2017.11","2017.12","2018.01","2018.02","2018.03","2018.04","2018.05","2018.06","2018.07","2018.08","2018.09","2018.1","2018.11","2018.12"
"1","강화군","강화군","전체",140,142,142,142,143,143,144,144,144,146,147,148,148,148,148,148,148,148,148,148,148,148,148,148,148,148,150,150,150,150,150,150,150,150,150,150
"2","강화군","강화읍","전체",135,135,135,136,138,138,140,140,142,144,144,144,147,147,147,147,147,147,147,147,147,147,147,147,147,147,147,147,147,147,147,147,147,147,147,147
"5","강화군","선원면","전체",143,145,145,145,145,145,145,145,145,148,149,149,149,149,149,149,149,149,149,149,149,149,149,149,149,149,152,152,152,152,152,152,152,152,152,152
"15","계양구","계양구","전체",231,232,232,233,234,235,236,237,238,239,241,241,242,242,243,243,244,246,247,247,248,248,248,248,248,249,249,249,249,249,249,249,249,249,249,250
"16","계양구","임학동","전체",155,155,155,155,156,156,157,157,158,158,159,160,160,160,160,160,160,160,160,160,160,160,160,160,160,160,160,160,160,160,160,160,160,160,160,160
"17","계양구","효성동","전체",213,213,213,213,213,214,215,216,219,219,219,220,220,219,220,220,221,222,223,224,226,226,226,226,226,226,226,226,226,226,225,225,225,225,225,225
"18","계양구","박촌동","전체",207,207,207,207,208,209,209,213,213,216,216,217,217,217,217,217,217,217,217,217,217,217,217,217,217,217,217,217,217,217,217,217,217,217,217,217
"19","계양구","장기동","전체",262,262,262,262,262,262,262,262,262,262,262,262,262,262,262,262,262,262,262,262,262,262,262,262,262,262,262,262,262,262,262,262,262,262,262,262
"24","계양구","오류동","전체",217,217,217,222,222,222,222,222,227,226,226,226,226,226,226,226,226,226,227,227,227,229,229,229,229,229,229,229,229,229,229,229,229,229,229,229
"25","계양구","동양동","전체",265,265,266,268,274,274,274,274,277,278,278,278,278,278,278,280,281,282,282,283,283,283,283,283,285,285,285,285,287,287,287,287,287,287,292,300
"26","계양구","서운동","전체",283,283,283,283,284,284,285,285,286,286,289,293,293,295,295,295,295,295,295,295,295,295,295,295,295,295,295,295,295,295,297,299,300,302,302,302
"27","계양구","계산동","전체",230,230,230,230,231,232,234,234,235,236,237,238,238,239,240,240,240,242,243,244,244,245,245,245,245,245,245,245,245,245,245,245,245,245,245,245
"30","계양구","작전동","전체",225,225,226,226,227,228,229,229,230,231,233,233,235,236,236,236,237,238,238,238,238,238,239,239,239,239,239,239,239,238,238,238,238,238,238,238
"33","계양구","방축동","전체",225,228,228,231,232,234,234,234,234,235,237,238,242,245,245,245,247,250,252,252,252,255,262,262,262,262,262,262,262,262,262,262,262,262,262,262
"35","계양구","귤현동","전체",295,295,295,296,297,299,299,299,300,300,300,297,297,297,297,297,297,297,299,301,301,301,301,301,301,301,301,302,302,302,302,302,302,302,303,307
"37","계양구","병방동","전체",242,244,244,246,247,249,251,255,259,263,266,268,268,268,268,271,271,273,273,273,274,274,275,275,273,273,273,273,273,273,273,273,273,273,273,273
"38","계양구","용종동","전체",269,269,269,269,272,274,275,276,276,279,283,283,283,283,284,285,285,295,296,296,297,298,298,298,298,299,300,300,301,301,301,302,302,305,306,308
"39","남동구","남동구","전체",251,251,251,252,252,253,255,256,257,257,258,258,259,259,259,260,260,262,263,264,265,266,266,266,266,266,266,266,266,267,267,267,268,269,269,269
"40","남동구","만수동","전체",216,217,217,218,219,221,224,227,227,227,227,228,228,229,230,230,231,231,232,232,233,233,233,232,232,232,232,231,232,232,232,232,232,232,231,231
"44","남동구","서창동","전체",242,243,244,244,244,244,245,245,246,246,246,247,247,247,247,247,248,262,263,263,264,265,267,268,268,268,269,270,271,273,273,273,274,274,275,275
"45","남동구","구월동","전체",260,261,262,262,263,264,267,270,271,272,272,276,275,276,276,276,277,279,284,285,289,290,290,289,290,291,291,291,291,292,294,296,298,299,300,300
"47","남동구","논현동","전체",283,283,283,283,284,284,284,285,285,285,286,286,286,286,286,286,286,286,287,287,287,288,287,287,287,287,286,286,286,286,286,286,286,286,286,286
"49","남동구","남촌동","전체",201,202,203,203,207,207,207,207,208,209,210,210,210,210,210,210,211,211,211,211,212,213,213,214,215,215,215,215,215,214,213,213,213,213,213,213
"50","남동구","간석동","전체",250,251,251,252,252,252,253,254,255,256,257,258,258,259,260,260,260,261,263,266,269,269,270,270,271,272,273,273,273,273,273,274,276,278,280,280
"51","동구","동구","전체",206,206,206,206,206,206,207,207,207,207,208,208,208,208,208,208,209,210,210,211,213,213,213,213,213,212,212,211,212,212,212,212,212,212,212,212
"53","동구","만석동","전체",188,188,188,188,188,188,188,188,188,188,190,190,190,190,190,190,190,192,192,192,192,193,193,193,193,184,184,184,184,184,184,184,184,184,184,184
"54","동구","송림동","전체",221,221,221,221,221,221,221,221,221,221,221,221,221,221,221,221,221,221,221,222,222,222,222,222,222,222,222,222,222,222,222,222,222,221,221,221
"57","동구","송현동","전체",205,205,205,205,206,206,207,207,207,207,207,207,207,207,208,209,210,212,212,212,217,217,218,218,218,218,218,217,217,217,217,218,218,218,219,219
"58","동구","화수동","전체",191,191,191,191,191,191,191,191,192,192,194,194,194,194,195,195,196,196,196,196,196,196,196,196,196,196,196,196,196,196,196,196,196,196,196,196
"59","미추홀구","미추홀구","전체",216,215,216,217,217,226,227,228,229,231,231,233,234,234,235,235,236,238,240,241,242,242,242,242,243,244,244,244,244,244,244,245,246,246,246,245
"60","미추홀구","용현동","전체",200,200,200,202,202,233,233,236,237,242,243,245,247,247,247,247,247,250,252,253,254,254,254,252,252,254,254,255,255,255,256,258,261,261,260,258
"61","미추홀구","문학동","전체",157,157,157,157,157,157,169,169,169,169,169,169,169,169,169,169,169,169,169,169,169,169,169,169,169,169,169,169,169,169,169,169,169,169,169,169
"62","미추홀구","학익동","전체",222,222,223,224,224,224,224,225,225,225,226,226,227,227,229,230,232,233,235,236,237,237,238,238,240,241,242,242,242,243,243,243,243,243,243,243
"63","미추홀구","도화동","전체",196,196,199,199,201,202,203,203,204,204,204,204,204,204,204,204,204,204,204,205,205,205,205,207,207,207,206,206,206,206,206,206,206,206,206,206
"64","미추홀구","숭의동","전체",184,184,184,184,184,184,184,184,183,183,181,181,181,181,181,181,181,181,181,181,182,182,183,183,183,183,184,184,184,184,184,184,184,184,184,184
"65","미추홀구","관교동","전체",208,208,209,209,209,210,212,214,218,220,221,222,223,223,228,228,228,229,230,230,230,231,233,234,235,235,235,236,237,234,232,232,232,232,232,230
"66","미추홀구","주안동","전체",231,231,232,232,233,233,234,234,234,235,236,237,237,238,239,240,241,242,246,247,248,248,248,249,249,249,247,248,248,248,249,249,249,249,249,249
"67","부평구","부평구","전체",262,263,264,265,267,268,271,273,275,277,278,279,279,280,280,280,281,283,284,284,285,286,286,286,286,285,286,286,286,286,286,288,288,290,290,290
"68","부평구","갈산동","전체",228,229,230,234,236,237,239,242,243,244,245,245,246,246,246,246,246,247,248,249,250,250,251,251,252,252,252,252,252,251,251,251,251,251,251,251
"69","부평구","부평동","전체",278,278,279,280,281,283,285,285,286,288,289,289,289,289,290,291,292,296,298,298,299,300,300,301,301,302,305,306,306,308,310,316,319,326,326,325
"70","부평구","일신동","전체",241,241,241,241,241,241,241,241,243,243,243,243,243,243,245,245,245,245,245,245,247,247,247,247,247,247,247,250,250,250,250,250,250,250,250,250
"71","부평구","청천동","전체",264,264,264,265,265,266,268,271,272,274,274,276,276,277,277,278,279,281,282,283,285,285,286,285,285,285,283,282,282,282,282,282,282,282,282,282
"72","부평구","구산동","전체",285,283,283,283,287,287,287,289,293,293,293,293,293,293,293,293,295,295,295,297,300,300,300,300,300,300,300,300,300,300,300,299,299,299,298,298
"73","부평구","산곡동","전체",242,243,243,244,246,247,248,250,253,254,255,256,257,258,258,259,260,262,263,264,265,265,266,266,265,266,266,267,267,266,267,267,268,268,268,268
"74","부평구","십정동","전체",224,225,227,230,231,233,236,237,237,239,239,239,239,239,240,240,240,241,241,241,241,242,244,243,243,242,243,242,242,242,242,242,243,243,243,243
"75","부평구","부개동","전체",283,284,286,287,288,291,296,300,301,306,306,306,307,307,305,305,306,306,307,307,308,308,309,309,309,309,309,309,309,308,308,308,308,309,310,310
"76","부평구","삼산동","전체",297,298,298,299,302,303,309,311,314,318,323,323,323,324,323,323,323,324,324,325,326,326,323,323,323,320,320,319,319,319,320,321,322,323,323,324
"77","서구","서구","전체",260,259,259,259,260,260,261,262,264,265,265,265,265,265,265,264,264,264,264,265,265,265,266,268,269,270,272,272,272,272,272,273,273,276,276,277
"78","서구","가좌동","전체",212,212,212,212,213,213,213,213,213,214,215,215,215,216,216,216,216,216,216,216,217,217,217,230,230,230,230,230,230,230,230,230,230,230,230,230
"79","서구","신현동","전체",253,253,253,253,252,252,253,253,257,258,258,257,257,256,256,256,256,256,256,257,259,259,260,259,259,259,261,261,261,263,265,266,268,270,273,275
"80","서구","왕길동","전체",246,246,246,247,247,249,249,249,249,250,250,249,248,248,247,247,247,247,247,247,247,247,246,246,246,246,246,246,245,244,244,244,244,244,244,244
"83","서구","당하동","전체",238,238,239,240,241,241,242,244,251,253,253,253,252,251,251,250,249,249,249,249,255,254,254,254,253,253,252,253,253,252,253,253,253,253,253,252
"84","서구","심곡동","전체",220,220,220,220,221,221,221,221,226,226,226,226,226,226,225,225,225,225,225,225,225,225,225,225,225,225,225,225,225,225,225,225,225,225,225,225
"85","서구","불로동","전체",197,197,197,197,197,197,198,199,205,206,207,207,207,207,207,207,203,203,203,203,203,201,199,199,199,199,198,198,197,197,197,197,197,197,197,191
"86","서구","검암동","전체",267,267,268,270,272,275,277,279,286,287,288,289,290,290,291,292,292,293,293,293,293,293,293,293,293,293,293,293,293,293,293,293,293,293,293,293
"87","서구","금곡동","전체",183,184,184,185,186,188,188,191,191,194,194,195,197,197,196,196,196,196,196,244,245,249,250,250,250,250,250,250,250,250,250,250,250,250,250,250
"88","서구","마전동","전체",205,206,206,207,207,207,208,210,212,213,214,214,213,213,213,213,213,213,213,214,213,213,213,213,214,214,213,213,213,213,213,213,213,214,214,213
"89","서구","가정동","전체",188,189,189,188,188,189,189,188,189,190,190,190,190,190,190,190,190,190,192,192,192,192,192,192,237,259,284,286,286,286,292,293,293,296,296,298
"90","서구","연희동","전체",207,207,207,208,209,209,210,212,212,213,213,213,213,212,212,212,212,212,212,212,212,212,212,212,212,212,212,210,210,210,210,210,210,210,210,210
"91","서구","경서동","전체",215,216,216,218,219,220,223,223,224,224,225,225,225,225,225,225,225,226,225,225,225,225,225,221,221,221,221,221,220,220,220,220,220,220,220,220
"92","서구","오류동","전체",244,244,246,246,249,249,250,251,252,252,252,252,252,252,252,250,250,249,249,242,236,234,234,232,230,229,227,223,221,220,220,219,219,219,218,218
"93","서구","석남동","전체",197,197,198,198,198,197,197,197,197,198,198,198,198,198,198,198,198,198,199,199,199,199,199,199,199,199,200,200,198,198,198,198,199,199,199,199
"94","서구","대곡동","전체",176,176,176,176,176,176,179,188,202,211,211,211,211,211,211,211,211,211,211,211,211,211,211,211,211,211,211,211,211,202,202,202,202,202,202,202
"95","서구","원당동","전체",231,232,232,233,233,233,236,243,253,256,252,248,246,243,240,240,240,240,240,239,238,238,238,238,237,231,230,230,234,233,233,233,233,233,233,233
"97","서구","공촌동","전체",210,210,210,209,209,209,209,210,210,210,211,214,214,214,214,214,214,214,214,214,214,214,214,214,214,214,214,214,214,214,214,214,214,214,214,214
"98","서구","청라동","전체",340,339,338,337,337,338,338,339,339,340,340,340,340,340,340,340,340,340,340,340,340,341,342,342,342,343,343,343,343,344,344,345,346,350,351,352
"99","연수구","연수구","전체",298,299,301,302,302,303,303,304,307,309,310,311,312,313,316,317,318,320,322,324,325,327,334,335,335,335,335,335,335,335,335,336,339,339,339,339
"100","연수구","연수동","전체",235,235,235,236,236,236,237,238,239,241,242,245,246,247,247,248,248,249,251,253,254,254,254,254,254,254,254,254,254,254,254,254,254,253,253,253
"101","연수구","송도동","전체",385,385,387,387,388,389,390,391,394,396,397,399,400,401,403,404,405,407,409,412,414,415,422,423,423,424,424,424,424,424,424,425,427,427,427,427
"102","연수구","옥련동","전체",216,216,218,218,218,218,218,218,218,220,222,223,224,226,233,237,241,246,248,250,252,252,252,252,252,252,252,252,252,252,252,252,252,252,252,252
"103","연수구","청학동","전체",196,198,200,202,202,204,205,206,206,207,207,208,208,209,209,209,210,212,214,218,219,219,220,221,221,222,222,222,222,222,222,222,222,222,222,222
"104","연수구","동춘동","전체",253,254,254,254,254,254,255,255,256,257,258,258,258,258,258,258,258,260,261,262,263,263,268,268,269,269,269,269,269,269,269,269,268,267,268,267
"105","연수구","선학동","전체",208,208,208,208,208,208,208,208,209,209,210,210,211,211,210,211,211,211,212,212,212,213,214,216,216,216,217,217,219,219,219,220,220,220,220,220
"106","중구","중구","전체",237,237,237,238,238,238,238,239,240,241,241,242,243,244,244,245,245,245,245,244,244,245,245,245,245,245,245,245,245,245,244,246,246,245,245,244
"107","중구","송월동1가","전체",142,142,142,142,142,142,142,142,142,142,142,142,142,142,142,142,142,142,142,142,142,142,142,142,142,142,142,142,142,142,142,142,142,142,142,142
"108","중구","중산동","전체",273,273,273,273,273,273,273,273,276,277,277,278,280,280,281,282,282,283,282,280,280,281,281,281,281,281,281,281,281,281,279,279,279,277,276,275
"109","중구","신흥동3가","전체",212,212,213,213,213,214,214,214,216,218,218,221,221,224,225,227,227,228,231,232,232,232,232,232,232,232,232,232,232,232,232,232,232,232,232,232
"110","중구","북성동1가","전체",118,118,118,118,118,118,118,114,114,114,114,111,111,111,111,111,111,111,111,111,111,111,111,111,111,111,111,111,111,111,111,111,111,111,111,111
"112","중구","송월동2가","전체",197,197,197,197,197,197,197,197,197,197,197,197,197,197,197,197,197,197,197,197,197,197,197,197,197,197,197,197,197,197,197,197,197,197,197,197
"117","중구","신흥동2가","전체",139,139,139,139,139,139,139,139,139,139,139,139,139,139,139,139,139,139,139,139,139,139,139,139,139,139,139,139,139,139,139,139,139,139,139,139
"119","중구","신생동","전체",190,190,190,190,190,190,190,190,190,190,190,190,190,190,190,191,191,191,192,192,192,192,192,192,192,192,196,196,196,196,196,196,196,196,196,196
"131","중구","운서동","전체",250,250,251,255,257,258,259,261,261,263,265,267,267,268,268,267,267,267,267,267,267,267,267,267,267,267,267,267,267,267,267,267,266,266,266,266
"140","중구","신흥동1가","전체",218,218,218,218,218,218,218,218,218,218,218,218,218,218,218,218,218,218,219,219,219,219,219,220,220,220,221,221,221,221,221,221,221,221,221,221
"147","중구","항동7가","전체",179,179,179,179,179,179,179,179,179,179,179,179,179,179,179,179,179,179,179,179,179,179,179,179,179,179,179,179,179,179,179,179,179,179,179,179
"149","중구","북성동2가","전체",137,137,137,137,137,137,137,137,137,137,137,137,137,137,137,137,137,137,137,137,137,137,137,137,137,137,137,137,137,137,137,137,137,137,137,137
"156","중구","답동","전체",162,162,162,162,162,162,162,162,162,162,162,162,162,162,162,162,162,162,162,162,162,162,162,162,162,162,162,162,162,162,162,162,162,162,162,162
