"","지.역","X","X.1","X2016년.12월","X.2","X2017년.01월","X.3","X2017년.02월","X.4","X2017년.03월","X.5","X2017년.04월","X.6","X2017년.05월","X.7","X2017년.06월","X.8","X2017년.07월","X.9","X2017년.08월","X.10","X2017년.09월","X.11","X2017년.10월","X.12","X2017년.11월","X.13","X2017년.12월","X.14","X2018년.01월","X.15","X2018년.02월","X.16","X2018년.03월","X.17","X2018년.04월","X.18","X2018년.05월","X.19","X2018년.06월","X.20","X2018년.07월","X.21","X2018년.08월","X.22","X2018년.09월","X.23","X2018년.10월","X.24","X2018년.11월","X.25","X2018년.12월","X.26"
"1","","","","변동률","누계","변동률","누계","변동률","누계","변동률","누계","변동률","누계","변동률","누계","변동률","누계","변동률","누계","변동률","누계","변동률","누계","변동률","누계","변동률","누계","변동률","누계","변동률","누계","변동률","누계","변동률","누계","변동률","누계","변동률","누계","변동률","누계","변동률","누계","변동률","누계","변동률","누계","변동률","누계","변동률","누계","변동률","누계"
"2","인천광역시","","","0.129","1.737","0.125","0.125","0.254","0.38","0.294","0.674","0.212","0.888","0.265","1.156","0.291","1.45","0.332","1.787","0.287","2.078","0.28","2.364","0.251","2.621","0.224","2.85","0.241","3.098","0.206","0.206","0.191","0.398","0.247","0.646","0.238","0.885","0.275","1.162","0.302","1.468","0.294","1.766","0.28","2.051","0.359","2.417","0.415","2.842","0.393","3.246","0.331","3.588"
"3","","중구","","0.174","1.848","0.168","0.168","0.231","0.399","0.253","0.653","0.211","0.865","0.15","1.017","0.115","1.133","0.224","1.36","0.16","1.521","0.233","1.758","0.131","1.892","0.206","2.101","0.313","2.421","0.258","0.258","0.159","0.418","0.196","0.615","0.151","0.767","0.199","0.968","0.194","1.164","0.215","1.381","0.249","1.634","0.197","1.833","0.279","2.118","0.254","2.377","0.257","2.64"
"4","","","중앙동1가","0.153","1.099","0.097","0.097","-0.048","0.049","0.11","0.159","0.085","0.244","0.032","0.276","0.149","0.425","0.354","0.781","0.117","0.899","0.193","1.093","0.099","1.193","0.014","1.207","0.096","1.304","0.031","0.031","0.157","0.187","0.085","0.272","0.404","0.677","0.095","0.773","0.134","0.908","0.22","1.13","0.161","1.292","0.178","1.473","0.292","1.769","0.144","1.916","0.347","2.27"
"8","","","해안동1가","0.252","1.454","0.049","0.049","0.096","0.145","0.02","0.165","0.129","0.294","0.066","0.36","0.106","0.467","0.147","0.614","0.135","0.75","0.068","0.819","0.059","0.879","0.164","1.044","0.097","1.142","0.03","0.03","0.071","0.101","0.138","0.239","0.193","0.432","0.037","0.469","0.159","0.629","0.147","0.777","0.19","0.968","0.234","1.205","0.351","1.56","0.128","1.69","0.225","1.919"
"12","","","관동1가","0.192","0.961","0.179","0.179","-0.009","0.17","0.149","0.319","0.111","0.431","0.038","0.469","0.124","0.594","0.242","0.837","0.496","1.337","0.502","1.846","0.157","2.006","0.12","2.129","0.043","2.173","0.064","0.064","0.168","0.232","0.136","0.369","0.102","0.472","0.27","0.743","0.102","0.846","0.125","0.972","0.183","1.157","0.085","1.243","0.32","1.567","0.136","1.705","0.31","2.02"
"15","","","항동1가","0.194","1.432","0.094","0.094","0.184","0.278","0.168","0.447","0.061","0.508","0.077","0.586","0.114","0.701","0.159","0.86","0.206","1.068","0.21","1.281","0.136","1.418","0.117","1.537","0.178","1.718","0.048","0.048","0.143","0.191","0.118","0.31","0.157","0.467","0.127","0.595","0.06","0.654","0.149","0.805","0.149","0.955","0.172","1.128","0.292","1.424","0.254","1.682","0.294","1.981"
"22","","","송학동1가","0.178","0.685","0.123","0.123","0.147","0.27","0.008","0.278","0.039","0.316","-0.033","0.283","-0.021","0.263","0.173","0.436","0.178","0.615","0.124","0.74","0.172","0.913","0.177","1.092","0.187","1.281","0.112","0.112","0.064","0.176","0.114","0.291","0.344","0.636","0.257","0.894","0.239","1.135","0.414","1.554","0.216","1.774","0.206","1.984","0.32","2.31","0.272","2.588","0.463","3.063"
"25","","","사동","0.037","1.267","0.062","0.062","0.21","0.272","0.014","0.286","0.007","0.293","0.106","0.399","0.076","0.475","0.131","0.607","0.171","0.779","0.121","0.901","0.108","1.01","0.17","1.182","0.248","1.432","0.174","0.174","0.109","0.284","0.088","0.373","0.111","0.484","0.307","0.792","0.087","0.88","0.288","1.171","0.204","1.377","0.338","1.72","0.203","1.927","0.285","2.217","0.087","2.306"
"26","","","신생동","0.037","1.267","0.062","0.062","0.21","0.272","0.014","0.286","0.007","0.293","0.106","0.399","0.076","0.475","0.131","0.607","0.171","0.779","0.121","0.901","0.108","1.01","0.17","1.182","0.248","1.432","0.174","0.174","0.109","0.284","0.088","0.373","0.111","0.484","0.307","0.792","0.087","0.88","0.288","1.171","0.204","1.377","0.338","1.72","0.203","1.927","0.285","2.217","0.087","2.306"
"27","","","신포동","0.138","0.927","0.181","0.181","0.164","0.346","0.184","0.53","0.187","0.718","0.202","0.922","0.074","0.997","0.252","1.251","0.278","1.533","0.338","1.876","0.223","2.104","0.167","2.275","0.115","2.393","0.077","0.077","0.173","0.251","0.08","0.331","0.435","0.768","0.088","0.856","0.191","1.049","0.235","1.287","0.41","1.703","0.163","1.869","0.343","2.218","0.293","2.517","0.21","2.733"
"28","","","답동","0.138","0.927","0.181","0.181","0.164","0.346","0.184","0.53","0.187","0.718","0.202","0.922","0.074","0.997","0.252","1.251","0.278","1.533","0.338","1.876","0.223","2.104","0.167","2.275","0.115","2.393","0.077","0.077","0.173","0.251","0.08","0.331","0.435","0.768","0.088","0.856","0.191","1.049","0.235","1.287","0.41","1.703","0.163","1.869","0.343","2.218","0.293","2.517","0.21","2.733"
"29","","","신흥동1가","0.03","0.727","0.129","0.129","0.247","0.376","0.277","0.654","0.308","0.964","0.415","1.383","0.046","1.43","0.491","1.927","0.246","2.178","0.431","2.619","0.047","2.667","0.5","3.181","0.365","3.558","0.237","0.237","0.141","0.377","0.155","0.533","0.364","0.899","0.258","1.159","0.087","1.247","0.255","1.505","0.309","1.819","0.209","2.031","0.382","2.421","0.354","2.784","0.242","3.033"
"32","","","선화동","0.03","0.727","0.129","0.129","0.247","0.376","0.277","0.654","0.308","0.964","0.415","1.383","0.046","1.43","0.491","1.927","0.246","2.178","0.431","2.619","0.047","2.667","0.5","3.181","0.365","3.558","0.237","0.237","0.141","0.377","0.155","0.533","0.364","0.899","0.258","1.159","0.087","1.247","0.255","1.505","0.309","1.819","0.209","2.031","0.382","2.421","0.354","2.784","0.242","3.033"
"33","","","유동","0.17","0.196","0.107","0.107","0.144","0.251","0.013","0.264","0.118","0.382","0.174","0.557","-0.074","0.482","0.114","0.597","0.042","0.639","0.296","0.936","0.178","1.116","0.119","1.237","0.201","1.441","0.157","0.157","0.157","0.315","0.197","0.513","0.179","0.693","0.204","0.899","0.265","1.166","0.296","1.465","0.478","1.951","0.212","2.167","0.358","2.533","0.107","2.642","0.395","3.048"
"34","","","율목동","0.17","0.196","0.107","0.107","0.144","0.251","0.013","0.264","0.118","0.382","0.174","0.557","-0.074","0.482","0.114","0.597","0.042","0.639","0.296","0.936","0.178","1.116","0.119","1.237","0.201","1.441","0.157","0.157","0.157","0.315","0.197","0.513","0.179","0.693","0.204","0.899","0.265","1.166","0.296","1.465","0.478","1.951","0.212","2.167","0.358","2.533","0.107","2.642","0.395","3.048"
"35","","","도원동","0.072","0.72","0.093","0.093","0.125","0.218","0.031","0.249","0.031","0.28","0.139","0.419","0.037","0.456","0.185","0.642","0.082","0.724","0.154","0.879","0.166","1.047","0.158","1.207","0.228","1.438","0.197","0.197","0.255","0.452","0.147","0.6","0.195","0.796","0.147","0.944","0.362","1.309","0.3","1.614","0.308","1.927","0.192","2.123","0.338","2.468","0.347","2.823","0.087","2.913"
"36","","","내동","0.118","0.248","0.111","0.111","0.1","0.211","0.162","0.374","0.215","0.589","0.219","0.81","0.162","0.974","0.137","1.113","0.137","1.252","0.223","1.477","0.16","1.64","0.077","1.718","0.341","2.065","0.169","0.169","0.331","0.501","0.197","0.699","0.179","0.879","0.375","1.258","0.272","1.533","0.149","1.684","0.266","1.954","0.23","2.189","0.328","2.525","0.325","2.859","0.237","3.102"
"37","","","경동","0.118","0.248","0.111","0.111","0.1","0.211","0.162","0.374","0.215","0.589","0.219","0.81","0.162","0.974","0.137","1.113","0.137","1.252","0.223","1.477","0.16","1.64","0.077","1.718","0.341","2.065","0.169","0.169","0.331","0.501","0.197","0.699","0.179","0.879","0.375","1.258","0.272","1.533","0.149","1.684","0.266","1.954","0.23","2.189","0.328","2.525","0.325","2.859","0.237","3.102"
"38","","","용동","0.118","0.248","0.111","0.111","0.1","0.211","0.162","0.374","0.215","0.589","0.219","0.81","0.162","0.974","0.137","1.113","0.137","1.252","0.223","1.477","0.16","1.64","0.077","1.718","0.341","2.065","0.169","0.169","0.331","0.501","0.197","0.699","0.179","0.879","0.375","1.258","0.272","1.533","0.149","1.684","0.266","1.954","0.23","2.189","0.328","2.525","0.325","2.859","0.237","3.102"
"39","","","인현동","0.131","0.366","0.083","0.083","0.053","0.136","0.166","0.302","0.197","0.499","0.136","0.636","0.081","0.718","0.224","0.944","0.043","0.987","0.154","1.143","0.121","1.265","0.186","1.454","0.167","1.624","0.116","0.116","0.095","0.211","0.265","0.477","0.206","0.684","0.129","0.814","0.421","1.238","0.544","1.789","0.288","2.081","0.151","2.236","0.276","2.518","0.342","2.869","0.234","3.109"
"40","","","전동","0.131","0.366","0.083","0.083","0.053","0.136","0.166","0.302","0.197","0.499","0.136","0.636","0.081","0.718","0.224","0.944","0.043","0.987","0.154","1.143","0.121","1.265","0.186","1.454","0.167","1.624","0.116","0.116","0.095","0.211","0.265","0.477","0.206","0.684","0.129","0.814","0.421","1.238","0.544","1.789","0.288","2.081","0.151","2.236","0.276","2.518","0.342","2.869","0.234","3.109"
"41","","","북성동1가","0.191","0.464","0.198","0.198","0.235","0.433","0.273","0.708","0.25","0.959","0.28","1.242","0.113","1.356","0.028","1.384","0.223","1.611","0.308","1.924","0.026","1.951","0.303","2.261","0.427","2.697","0.287","0.287","0.115","0.402","0.199","0.603","0.124","0.727","0.1","0.828","0.227","1.057","0.272","1.332","0.304","1.641","0.164","1.807","0.289","2.101","0.178","2.283","0.166","2.453"
"44","","","선린동","0.014","1.105","0.023","0.023","0.185","0.208","0.048","0.256","0.055","0.311","0.028","0.339","-0.046","0.293","0.407","0.701","0.492","1.197","0.397","1.599","0.186","1.788","0.228","2.02","0.318","2.344","0.232","0.232","0.188","0.42","0.114","0.534","0.238","0.774","0.157","0.932","0.268","1.203","0.267","1.473","0.305","1.783","0.196","1.982","0.339","2.328","0.38","2.717","0.376","3.103"
"45","","","송월동1가","0.108","1.045","0.097","0.097","0.108","0.205","0.158","0.363","0.049","0.412","0.062","0.473","0.061","0.534","0.223","0.758","0.161","0.92","0.265","1.188","0.133","1.323","0.174","1.498","0.202","1.703","0.131","0.131","0.052","0.183","0.148","0.331","0.231","0.563","0.27","0.834","0.207","1.042","0.169","1.213","0.396","1.614","0.148","1.764","0.402","2.173","0.264","2.443","0.329","2.78"
"48","","","중산동","0.243","3.479","0.213","0.213","0.231","0.445","0.298","0.744","0.211","0.957","0.15","1.108","0.119","1.229","0.288","1.52","0.077","1.598","0.257","1.859","0.172","2.035","0.148","2.186","0.366","2.56","0.276","0.276","0.178","0.455","0.164","0.62","0.127","0.747","0.203","0.951","0.235","1.189","0.246","1.438","0.266","1.707","0.191","1.902","0.277","2.184","0.258","2.447","0.279","2.733"
"49","","","운남동","0.243","3.479","0.213","0.213","0.231","0.445","0.298","0.744","0.211","0.957","0.15","1.108","0.119","1.229","0.288","1.52","0.077","1.598","0.257","1.859","0.172","2.035","0.148","2.186","0.366","2.56","0.276","0.276","0.178","0.455","0.164","0.62","0.127","0.747","0.203","0.951","0.235","1.189","0.246","1.438","0.266","1.707","0.191","1.902","0.277","2.184","0.258","2.447","0.279","2.733"
"50","","","운서동","0.101","0.977","0.155","0.155","0.261","0.417","0.213","0.63","0.146","0.777","-0.02","0.757","0.149","0.907","0.172","1.081","0.265","1.349","0.161","1.511","0.171","1.685","0.205","1.894","0.225","2.124","0.278","0.278","0.172","0.45","0.289","0.741","0.115","0.856","0.239","1.097","0.192","1.29","0.182","1.474","0.115","1.591","0.23","1.824","0.243","2.072","0.205","2.281","0.209","2.495"
"51","","","운북동","0.243","3.479","0.213","0.213","0.231","0.445","0.298","0.744","0.211","0.957","0.15","1.108","0.119","1.229","0.288","1.52","0.077","1.598","0.257","1.859","0.172","2.035","0.148","2.186","0.366","2.56","0.276","0.276","0.178","0.455","0.164","0.62","0.127","0.747","0.203","0.951","0.235","1.189","0.246","1.438","0.266","1.707","0.191","1.902","0.277","2.184","0.258","2.447","0.279","2.733"
"52","","","을왕동","0.168","1.122","0.065","0.065","0.208","0.273","0.207","0.48","0.258","0.74","0.142","0.883","0.102","0.985","0.216","1.204","0.103","1.308","0.086","1.395","0.109","1.505","0.122","1.629","0.172","1.804","0.19","0.19","0.152","0.342","0.162","0.505","0.18","0.685","0.203","0.889","0.079","0.969","0.051","1.02","0.309","1.332","0.184","1.518","0.274","1.797","0.337","2.14","0.392","2.54"
"53","","","남북동","0.168","1.122","0.065","0.065","0.208","0.273","0.207","0.48","0.258","0.74","0.142","0.883","0.102","0.985","0.216","1.204","0.103","1.308","0.086","1.395","0.109","1.505","0.122","1.629","0.172","1.804","0.19","0.19","0.152","0.342","0.162","0.505","0.18","0.685","0.203","0.889","0.079","0.969","0.051","1.02","0.309","1.332","0.184","1.518","0.274","1.797","0.337","2.14","0.392","2.54"
"54","","","덕교동","0.168","1.122","0.065","0.065","0.208","0.273","0.207","0.48","0.258","0.74","0.142","0.883","0.102","0.985","0.216","1.204","0.103","1.308","0.086","1.395","0.109","1.505","0.122","1.629","0.172","1.804","0.19","0.19","0.152","0.342","0.162","0.505","0.18","0.685","0.203","0.889","0.079","0.969","0.051","1.02","0.309","1.332","0.184","1.518","0.274","1.797","0.337","2.14","0.392","2.54"
"55","","","무의동","0.168","1.122","0.065","0.065","0.208","0.273","0.207","0.48","0.258","0.74","0.142","0.883","0.102","0.985","0.216","1.204","0.103","1.308","0.086","1.395","0.109","1.505","0.122","1.629","0.172","1.804","0.19","0.19","0.152","0.342","0.162","0.505","0.18","0.685","0.203","0.889","0.079","0.969","0.051","1.02","0.309","1.332","0.184","1.518","0.274","1.797","0.337","2.14","0.392","2.54"
"56","","동구","","0.157","1.498","0.103","0.103","0.234","0.337","0.261","0.599","0.185","0.785","0.223","1.009","0.093","1.103","0.049","1.153","0.055","1.209","0.22","1.432","0.256","1.691","0.227","1.922","0.277","2.205","0.156","0.156","0.167","0.323","0.279","0.604","0.271","0.876","0.284","1.163","0.211","1.375","0.256","1.635","0.179","1.817","0.152","1.971","0.262","2.239","0.201","2.444","0.21","2.659"
"57","","","만석동","0.019","0.976","0.087","0.087","0.071","0.158","0.048","0.206","0.361","0.568","0.092","0.661","-0.182","0.478","-0.037","0.441","-0.056","0.385","0.309","0.695","0.327","1.024","0.359","1.387","0.05","1.438","0.144","0.144","0.143","0.287","0.29","0.578","0.425","1.005","0.153","1.16","0.388","1.552","0.18","1.735","0.141","1.879","0.238","2.121","0.099","2.223","0.088","2.312","0.218","2.535"
"58","","","화수동","0.145","0.276","0.124","0.124","0.316","0.44","0.397","0.839","0.059","0.899","0.468","1.371","0.107","1.48","0.085","1.566","0.084","1.651","0.318","1.974","0.447","2.429","0.356","2.794","0.057","2.853","0.205","0.205","0.434","0.64","0.14","0.781","0.284","1.067","0.11","1.179","0.26","1.442","0.189","1.634","0.238","1.876","0.172","2.051","0.308","2.366","0.234","2.606","0.137","2.747"
"59","","","송현동","0.275","1.33","0.04","0.04","0.317","0.357","0.097","0.455","0.297","0.753","0.193","0.947","0.04","0.987","-0.033","0.954","0.029","0.983","0.03","1.013","0.108","1.122","0.131","1.255","0.197","1.454","0.198","0.198","0.068","0.265","0.246","0.512","0.181","0.694","0.334","1.03","0.19","1.222","0.27","1.495","0.14","1.638","0.142","1.782","0.196","1.982","0.232","2.219","0.152","2.374"
"60","","","화평동","0.145","0.276","0.124","0.124","0.316","0.44","0.397","0.839","0.059","0.899","0.468","1.371","0.107","1.48","0.085","1.566","0.084","1.651","0.318","1.974","0.447","2.429","0.356","2.794","0.057","2.853","0.205","0.205","0.434","0.64","0.14","0.781","0.284","1.067","0.11","1.179","0.26","1.442","0.189","1.634","0.238","1.876","0.172","2.051","0.308","2.366","0.234","2.606","0.137","2.747"
"61","","","창영동","0.04","2.096","0.124","0.124","0.26","0.384","0.177","0.562","0.175","0.738","0.392","1.133","0.148","1.282","-0.107","1.175","0.005","1.18","0.204","1.385","0.886","2.284","0.437","2.731","0.321","3.061","0.181","0.181","0.27","0.452","0.158","0.611","0.382","0.995","0.121","1.117","0.32","1.441","0.079","1.522","0.165","1.69","0.293","1.987","0.284","2.277","0.366","2.652","0.219","2.877"
"62","","","금곡동","0.04","2.096","0.124","0.124","0.26","0.384","0.177","0.562","0.175","0.738","0.392","1.133","0.148","1.282","-0.107","1.175","0.005","1.18","0.204","1.385","0.886","2.284","0.437","2.731","0.321","3.061","0.181","0.181","0.27","0.452","0.158","0.611","0.382","0.995","0.121","1.117","0.32","1.441","0.079","1.522","0.165","1.69","0.293","1.987","0.284","2.277","0.366","2.652","0.219","2.877"
"63","","","송림동","0.112","2.157","0.168","0.168","0.194","0.363","0.49","0.854","0.031","0.885","0.222","1.109","0.256","1.367","0.174","1.544","0.128","1.674","0.349","2.029","0.254","2.287","0.207","2.499","0.51","3.022","0.105","0.105","0.192","0.297","0.361","0.658","0.278","0.939","0.354","1.296","0.131","1.429","0.313","1.746","0.218","1.968","0.104","2.074","0.382","2.464","0.19","2.659","0.281","2.948"
"64","","남구","","0.125","1.557","0.103","0.103","0.145","0.248","0.235","0.483","0.174","0.658","0.248","0.908","0.288","1.199","0.336","1.538","0.303","1.846","0.331","2.183","0.218","2.406","0.224","2.636","0.222","2.863","0.141","0.141","0.249","0.39","0.25","0.642","0.128","0.771","0.292","1.065","0.346","1.415","0.279","1.697","0.27","1.972","0.382","2.361","0.451","2.823","0.47","3.306","0.396","3.715"
"65","","","숭의동","0.186","2.978","0.176","0.176","0.173","0.349","0.27","0.62","0.199","0.82","0.271","1.094","0.366","1.464","0.265","1.733","0.247","1.984","0.331","2.322","0.265","2.593","0.243","2.843","0.221","3.07","0.107","0.107","0.319","0.426","0.296","0.723","0.046","0.77","0.517","1.291","0.542","1.84","0.229","2.073","0.33","2.41","0.594","3.019","0.429","3.46","0.387","3.86","0.354","4.228"
"66","","","용현동","0.116","1.806","0.164","0.164","0.182","0.347","0.237","0.584","0.294","0.88","0.352","1.236","0.303","1.542","0.358","1.906","0.272","2.183","0.387","2.579","0.286","2.873","0.37","3.253","0.246","3.507","0.167","0.167","0.258","0.426","0.212","0.639","0.071","0.71","0.162","0.873","0.384","1.26","0.266","1.53","0.201","1.733","0.371","2.11","0.509","2.631","0.563","3.209","0.289","3.507"
"67","","","학익동","0.139","0.481","0.087","0.087","0.144","0.231","0.259","0.49","0.135","0.626","0.104","0.731","0.248","0.981","0.263","1.246","0.117","1.365","0.115","1.482","0.027","1.509","0.228","1.741","0.216","1.96","0.112","0.112","0.244","0.356","0.198","0.554","0.217","0.773","0.318","1.093","0.212","1.308","0.242","1.552","0.253","1.809","0.24","2.053","0.439","2.5","0.502","3.015","0.457","3.486"
"68","","","도화동","0.109","0.921","0.096","0.096","0.191","0.287","0.198","0.485","0.074","0.559","0.127","0.687","0.142","0.83","0.231","1.063","0.367","1.433","0.225","1.661","0.248","1.913","0.143","2.059","0.136","2.198","0.162","0.162","0.163","0.325","0.15","0.476","0.237","0.715","0.08","0.795","0.238","1.034","0.229","1.266","0.409","1.68","0.565","2.255","0.431","2.696","0.462","3.17","0.335","3.516"
"69","","","주안동","0.123","2.115","0.057","0.057","0.092","0.149","0.242","0.392","0.184","0.576","0.331","0.909","0.355","1.267","0.489","1.763","0.45","2.22","0.515","2.747","0.277","3.031","0.347","3.389","0.267","3.664","0.159","0.159","0.289","0.448","0.332","0.781","0.079","0.861","0.427","1.292","0.425","1.723","0.338","2.067","0.254","2.326","0.348","2.682","0.46","3.154","0.431","3.599","0.445","4.059"
"70","","","관교동","0.125","1.139","0.12","0.12","0.169","0.289","0.12","0.408","0.124","0.533","0.266","0.801","0.204","1.007","0.177","1.186","0.162","1.349","0.246","1.599","0.147","1.749","0.181","1.933","0.229","2.166","0.098","0.098","0.144","0.241","0.471","0.714","0","0.714","0.204","0.919","0.398","1.321","0.362","1.687","0.205","1.896","0.331","2.233","0.319","2.559","0.405","2.975","0.491","3.48"
"71","","","문학동","0.125","1.139","0.12","0.12","0.169","0.289","0.12","0.408","0.124","0.533","0.266","0.801","0.204","1.007","0.177","1.186","0.162","1.349","0.246","1.599","0.147","1.749","0.181","1.933","0.229","2.166","0.098","0.098","0.144","0.241","0.471","0.714","0","0.714","0.204","0.919","0.398","1.321","0.362","1.687","0.205","1.896","0.331","2.233","0.319","2.559","0.405","2.975","0.491","3.48"
"72","","연수구","","0.187","1.797","0.066","0.066","0.266","0.332","0.366","0.7","0.084","0.785","0.218","1.004","0.332","1.339","0.351","1.695","0.315","2.015","0.273","2.294","0.303","2.604","0.243","2.854","0.313","3.176","0.266","0.266","0.231","0.497","0.289","0.787","0.22","1.009","0.248","1.26","0.232","1.495","0.326","1.825","0.297","2.128","0.381","2.517","0.477","3.007","0.418","3.437","0.437","3.889"
"73","","","옥련동","0.379","1.085","-0.319","-0.319","-0.172","-0.49","0.429","-0.063","0.133","0.07","0.341","0.411","0.472","0.886","0.423","1.312","0.39","1.708","0.288","2","0.108","2.111","0.274","2.391","0.126","2.52","0.075","0.075","0.46","0.535","0.379","0.916","0.156","1.074","0.079","1.153","0.133","1.288","0.325","1.617","0.318","1.941","0.336","2.283","0.46","2.753","0.348","3.111","0.555","3.683"
"74","","","선학동","0.193","1.299","-0.624","-0.624","0.199","-0.426","0.232","-0.196","0.223","0.027","0.013","0.04","0.343","0.383","0.152","0.536","0.21","0.748","-0.079","0.668","-0.178","0.488","0.204","0.693","-0.144","0.548","0.133","0.133","0.009","0.142","0.429","0.572","0.29","0.864","0.24","1.106","0.122","1.229","0.276","1.508","0.255","1.767","0.298","2.071","0.412","2.492","0.423","2.925","0.344","3.28"
"75","","","연수동","0.591","3.16","-0.731","-0.731","0.355","-0.379","0.392","0.012","0.152","0.164","0.266","0.43","1.021","1.455","0.219","1.678","0.459","2.144","-0.122","2.02","-0.077","1.942","0.214","2.159","0.224","2.388","0.076","0.076","-0.018","0.057","0.357","0.415","0.399","0.816","0.22","1.037","0.119","1.157","0.316","1.477","0.292","1.773","0.316","2.094","0.457","2.561","0.503","3.077","0.555","3.649"
"76","","","청학동","-0.013","1.252","-0.122","-0.122","0.149","0.027","0.44","0.467","0.152","0.62","0.581","1.205","0.528","1.739","0.274","2.018","0.29","2.314","0.064","2.379","-0.096","2.281","0.126","2.41","0.251","2.667","0.212","0.212","0.235","0.448","0.123","0.572","0.335","0.909","0.179","1.089","0.12","1.211","0.261","1.475","0.232","1.711","0.269","1.984","0.457","2.45","0.324","2.782","0.318","3.109"
"77","","","동춘동","0.468","1.138","-0.203","-0.203","-0.025","-0.228","0.347","0.118","0.049","0.167","0.21","0.377","0.351","0.73","0.626","1.361","0.367","1.733","0.198","1.934","0.132","2.068","-0.059","2.009","0.296","2.31","0.186","0.186","0.375","0.561","0.294","0.857","0.145","1.003","0.053","1.057","0.118","1.176","0.227","1.406","0.233","1.642","0.276","1.922","0.464","2.395","0.543","2.951","0.187","3.143"
"78","","","송도동","0.106","1.884","0.226","0.226","0.341","0.567","0.363","0.932","0.073","1.006","0.197","1.205","0.255","1.462","0.326","1.793","0.293","2.092","0.332","2.43","0.4","2.84","0.288","3.137","0.353","3.5","0.314","0.314","0.217","0.532","0.278","0.812","0.214","1.028","0.293","1.324","0.271","1.599","0.344","1.949","0.309","2.263","0.41","2.682","0.485","3.18","0.402","3.595","0.458","4.07"
"79","","남동구","","0.184","1.863","0.153","0.153","0.258","0.411","0.314","0.727","0.336","1.065","0.315","1.383","0.333","1.721","0.373","2.1","0.447","2.556","0.238","2.801","0.145","2.95","0.175","3.13","0.154","3.289","0.112","0.112","0.169","0.281","0.223","0.504","0.297","0.803","0.316","1.122","0.385","1.511","0.339","1.855","0.322","2.183","0.359","2.55","0.429","2.99","0.444","3.447","0.417","3.878"
"80","","","구월동","0.244","1.637","0.131","0.131","0.223","0.354","0.428","0.784","0.391","1.178","0.355","1.537","0.378","1.921","0.876","2.814","0.919","3.759","0.421","4.196","0.149","4.351","0.313","4.678","0.29","4.981","0.175","0.175","0.552","0.728","0.386","1.117","0.133","1.251","0.648","1.906","1.136","3.064","0.398","3.474","0.607","4.102","0.418","4.537","0.671","5.239","0.481","5.745","0.653","6.436"
"81","","","간석동","0.213","2.472","0.198","0.198","0.282","0.48","0.311","0.792","0.353","1.149","0.364","1.517","0.364","1.886","0.379","2.272","0.696","2.984","0.526","3.525","0.33","3.867","0.399","4.281","0.442","4.742","0.4","0.4","0.19","0.591","0.396","0.989","0.612","1.607","0.441","2.055","-0.017","2.038","0.433","2.48","0.485","2.977","0.514","3.507","0.407","3.928","0.719","4.675","0.755","5.465"
"82","","","만수동","0.172","0.851","0.188","0.188","0.293","0.481","0.283","0.766","0.331","1.099","0.334","1.437","0.333","1.774","0.602","2.387","0.329","2.723","0.643","3.384","0.015","3.4","0.092","3.495","-0.281","3.204","0.303","0.303","0.192","0.495","0.289","0.785","0.141","0.928","0.296","1.227","-0.095","1.131","0.17","1.303","0.224","1.53","0.376","1.912","0.447","2.368","0.412","2.79","0.325","3.123"
"83","","","장수동","0.175","1.511","0.196","0.196","0.331","0.527","0.229","0.758","0.258","1.017","0.296","1.317","0.301","1.621","0.182","1.806","0.025","1.831","0.042","1.874","0.132","2.008","-0.089","1.918","0.037","1.956","0.537","0.537","-0.329","0.206","0.136","0.342","1.162","1.508","0.225","1.736","-0.245","1.486","0","1.486","0.137","1.625","0.144","1.771","0.143","1.917","0.093","2.012","0.201","2.217"
"84","","","서창동","0.3","2.573","0.162","0.162","0.249","0.411","0.386","0.799","0.323","1.125","0.328","1.457","0.363","1.825","-0.523","1.292","0.595","1.894","-0.26","1.629","-0.054","1.574","0.09","1.666","0.081","1.749","0.197","0.197","0.221","0.418","-0.089","0.329","0.441","0.772","-0.233","0.537","0.095","0.632","0.456","1.091","0.183","1.276","0.137","1.415","0.347","1.767","0.357","2.13","0.248","2.383"
"85","","","운연동","0.182","1.387","0.128","0.128","0.334","0.462","0.353","0.817","0.275","1.094","0.335","1.432","0.299","1.736","-0.745","0.978","0.055","1.034","0.512","1.551","0.456","2.014","0.142","2.159","0.836","3.014","0.694","0.694","-0.113","0.58","-0.087","0.493","0.924","1.421","0.344","1.77","0.085","1.857","0.13","1.989","0.329","2.325","0.175","2.504","0.201","2.71","0.379","3.1","0.19","3.296"
"86","","","남촌동","0.235","1.346","0.139","0.139","0.122","0.26","0.273","0.534","0.278","0.813","0.202","1.017","0.29","1.31","0.262","1.575","1.025","2.617","-0.298","2.311","0.081","2.393","-0.078","2.314","0.583","2.91","0.286","0.286","0.078","0.365","-0.071","0.294","-0.036","0.258","0.65","0.909","0.11","1.02","0.599","1.625","0.429","2.061","0.371","2.44","0.352","2.801","0.083","2.886","0.304","3.199"
"87","","","수산동","0.148","1.069","0.15","0.15","0.25","0.4","0.259","0.66","0.293","0.955","0.346","1.304","0.355","1.664","0.094","1.759","-0.439","1.313","0.084","1.398","0.071","1.47","0.017","1.487","0.458","1.951","0.434","0.434","-0.147","0.286","0.877","1.166","-0.002","1.164","0.492","1.661","0.298","1.964","0.286","2.256","0.138","2.397","0.439","2.846","0.18","3.031","0.082","3.116","0.18","3.302"
"88","","","도림동","0.227","1.128","0.13","0.13","0.258","0.388","0.289","0.678","0.332","1.013","0.283","1.299","0.309","1.612","0.125","1.739","0.506","2.254","-0.054","2.199","0.375","2.582","0.341","2.932","0.669","3.621","0.375","0.375","0.274","0.65","0.52","1.174","0.479","1.658","0.466","2.132","0.095","2.229","0.418","2.657","0.226","2.889","0.197","3.091","0.398","3.501","0.297","3.808","0.379","4.202"
"89","","","논현동","0.132","0.995","0.191","0.191","0.311","0.502","0.3","0.804","0.318","1.125","0.299","1.427","0.317","1.749","0.081","1.832","0.024","1.856","-0.019","1.837","-0.009","1.828","0.141","1.971","0.494","2.475","-0.057","-0.057","0.047","-0.011","0.095","0.084","-0.115","-0.031","-0.009","-0.04","0.155","0.115","0.222","0.337","0.205","0.543","0.44","0.985","0.352","1.341","0.419","1.766","0.277","2.048"
"90","","","고잔동","0.115","3.486","0.084","0.084","0.23","0.314","0.234","0.548","0.333","0.883","0.277","1.163","0.294","1.46","0.469","1.936","0.26","2.2","0.229","2.434","0.325","2.767","0.112","2.882","-0.451","2.417","-0.306","-0.306","-0.058","-0.364","0.143","-0.221","0.767","0.544","0.322","0.868","0.72","1.595","0.4","2.001","0.173","2.178","0.219","2.401","0.358","2.768","0.478","3.259","0.305","3.574"
"91","","부평구","","0.079","1.415","0.172","0.172","0.38","0.553","0.368","0.922","0.45","1.377","0.334","1.716","0.42","2.143","0.397","2.549","0.298","2.855","0.276","3.139","0.259","3.405","0.233","3.646","0.208","3.862","0.163","0.163","0.111","0.274","0.195","0.469","0.189","0.659","0.236","0.897","0.306","1.205","0.355","1.564","0.377","1.947","0.361","2.316","0.425","2.751","0.399","3.16","0.389","3.562"
"92","","","부평동","0.076","1.843","0.294","0.294","0.537","0.832","0.414","1.25","0.661","1.92","0.538","2.468","0.354","2.831","0.36","3.201","0.215","3.422","0.353","3.787","0.224","4.02","0.329","4.362","0.269","4.642","0.141","0.141","0.125","0.266","0.284","0.551","0.195","0.747","0.243","0.991","0.292","1.286","0.392","1.684","0.408","2.098","0.383","2.488","0.389","2.887","0.41","3.309","0.354","3.674"
"93","","","십정동","0.079","1.065","0.069","0.069","0.173","0.242","0.446","0.688","0.321","1.011","0.228","1.241","0.441","1.688","0.441","2.136","0.344","2.488","0.255","2.75","0.172","2.927","0.336","3.272","0.153","3.43","0.271","0.271","0.115","0.385","0.186","0.572","0.23","0.803","0.291","1.096","0.331","1.431","0.36","1.796","0.447","2.251","0.404","2.664","0.452","3.128","0.42","3.561","0.45","4.027"
"94","","","산곡동","0.079","1.065","0.069","0.069","0.173","0.242","0.446","0.688","0.321","1.011","0.228","1.241","0.441","1.688","0.441","2.136","0.344","2.488","0.255","2.75","0.172","2.927","0.336","3.272","0.153","3.43","0.271","0.271","0.115","0.385","0.186","0.572","0.23","0.803","0.291","1.096","0.331","1.431","0.36","1.796","0.447","2.251","0.404","2.664","0.452","3.128","0.42","3.561","0.45","4.027"
"95","","","청천동","0.11","1.614","0.163","0.163","0.582","0.746","0.327","1.076","0.538","1.619","0.082","1.702","0.588","2.3","0.466","2.777","0.305","3.091","0.271","3.37","0.377","3.76","0.037","3.798","0.186","3.991","0.082","0.082","0.127","0.208","0.117","0.326","0.19","0.516","0.221","0.738","0.35","1.09","0.372","1.467","0.306","1.777","0.333","2.116","0.496","2.622","0.388","3.021","0.38","3.413"
"96","","","삼산동","0.072","1.187","0.096","0.096","0.224","0.32","0.265","0.586","0.231","0.818","0.377","1.198","0.377","1.58","0.383","1.969","0.397","2.373","0.187","2.565","0.347","2.921","0.114","3.038","0.166","3.209","0.133","0.133","0.081","0.214","0.146","0.36","0.125","0.486","0.201","0.688","0.278","0.968","0.292","1.263","0.315","1.581","0.301","1.887","0.434","2.33","0.385","2.724","0.388","3.122"
"97","","","갈산동","0.072","1.187","0.096","0.096","0.224","0.32","0.265","0.586","0.231","0.818","0.377","1.198","0.377","1.58","0.383","1.969","0.397","2.373","0.187","2.565","0.347","2.921","0.114","3.038","0.166","3.209","0.133","0.133","0.081","0.214","0.146","0.36","0.125","0.486","0.201","0.688","0.278","0.968","0.292","1.263","0.315","1.581","0.301","1.887","0.434","2.33","0.385","2.724","0.388","3.122"
"98","","","부개동","0.076","1.843","0.294","0.294","0.537","0.832","0.414","1.25","0.661","1.92","0.538","2.468","0.354","2.831","0.36","3.201","0.215","3.422","0.353","3.787","0.224","4.02","0.329","4.362","0.269","4.642","0.141","0.141","0.125","0.266","0.284","0.551","0.195","0.747","0.243","0.991","0.292","1.286","0.392","1.684","0.408","2.098","0.383","2.488","0.389","2.887","0.41","3.309","0.354","3.674"
"99","","","일신동","0","0.527","0.221","0.221","0.228","0.45","0.122","0.573","0.128","0.702","0.196","0.899","0.304","1.206","0.193","1.401","0.22","1.624","0.169","1.796","0.203","2.003","0.155","2.161","0.359","2.528","0.145","0.145","0.046","0.191","0.059","0.251","0.142","0.393","0.043","0.436","0.202","0.639","0.22","0.86","0.272","1.134","0.293","1.431","0.188","1.622","0.285","1.912","0.325","2.243"
"100","","","구산동","0","0.527","0.221","0.221","0.228","0.45","0.122","0.573","0.128","0.702","0.196","0.899","0.304","1.206","0.193","1.401","0.22","1.624","0.169","1.796","0.203","2.003","0.155","2.161","0.359","2.528","0.145","0.145","0.046","0.191","0.059","0.251","0.142","0.393","0.043","0.436","0.202","0.639","0.22","0.86","0.272","1.134","0.293","1.431","0.188","1.622","0.285","1.912","0.325","2.243"
"101","","계양구","","0.07","1.375","0.101","0.101","0.187","0.288","0.222","0.511","0.096","0.608","0.373","0.983","0.257","1.243","0.342","1.59","0.264","1.858","0.24","2.103","0.269","2.377","0.308","2.693","0.214","2.913","0.198","0.198","0.176","0.375","0.224","0.6","0.316","0.918","0.257","1.177","0.213","1.392","0.228","1.624","0.321","1.95","0.325","2.281","0.354","2.643","0.447","3.102","0.399","3.514"
"102","","","효성동","0.04","1.458","0.076","0.076","0.314","0.39","0.265","0.656","0.142","0.799","0.311","1.113","0.204","1.318","0.253","1.574","0.275","1.853","0.206","2.063","0.016","2.079","0.252","2.336","0.152","2.492","0.708","0.708","0.203","0.913","0.332","1.247","0.357","1.609","0.223","1.836","0.106","1.944","0.265","2.214","0.396","2.619","0.284","2.91","0.435","3.358","0.534","3.91","0.384","4.309"
"103","","","계산동","0.194","2.406","0.088","0.088","0.179","0.267","0.34","0.609","0.106","0.716","0.331","1.049","0.326","1.378","0.354","1.738","0.283","2.025","0.199","2.228","0.372","2.608","0.39","3.008","0.551","3.576","0.055","0.055","0.253","0.308","0.228","0.537","0.473","1.012","0.28","1.295","0.317","1.616","0.193","1.812","0.35","2.168","0.42","2.597","0.463","3.072","0.416","3.501","0.3","3.811"
"104","","","작전동","0.034","1.021","0.102","0.102","0.378","0.481","0.21","0.692","0.055","0.747","0.709","1.462","0.391","1.858","0.456","2.323","0.476","2.81","0.245","3.062","0.531","3.609","0.353","3.975","0.162","4.143","0.165","0.165","0.195","0.361","0.269","0.631","0.215","0.847","0.214","1.063","0.32","1.386","0.144","1.532","0.247","1.783","0.356","2.144","0.388","2.541","0.368","2.918","0.193","3.117"
"105","","","서운동","0.006","1.308","0.128","0.128","0.126","0.254","0.222","0.477","0.254","0.732","0.407","1.142","0.454","1.601","0.528","2.137","0.273","2.416","0.207","2.628","0.027","2.656","0.385","3.051","-0.161","2.885","0.221","0.221","0.04","0.26","0.182","0.443","0.495","0.941","0.103","1.045","0.152","1.198","0.172","1.372","0.176","1.551","0.402","1.959","0.163","2.126","0.558","2.695","0.353","3.058"
"106","","","임학동","0.049","1.461","0.179","0.179","0.069","0.248","0.178","0.427","0.1","0.527","0.228","0.756","0.205","0.963","0.171","1.135","0.161","1.298","0.341","1.644","0.169","1.816","0.295","2.117","0.023","2.141","0.093","0.093","0.133","0.226","0.141","0.367","0.186","0.554","0.286","0.842","0.196","1.039","0.12","1.161","0.276","1.439","0.18","1.622","0.349","1.977","0.422","2.407","0.475","2.894"
"107","","","용종동","0.049","1.461","0.179","0.179","0.069","0.248","0.178","0.427","0.1","0.527","0.228","0.756","0.205","0.963","0.171","1.135","0.161","1.298","0.341","1.644","0.169","1.816","0.295","2.117","0.023","2.141","0.093","0.093","0.133","0.226","0.141","0.367","0.186","0.554","0.286","0.842","0.196","1.039","0.12","1.161","0.276","1.439","0.18","1.622","0.349","1.977","0.422","2.407","0.475","2.894"
"108","","","병방동","0.049","1.461","0.179","0.179","0.069","0.248","0.178","0.427","0.1","0.527","0.228","0.756","0.205","0.963","0.171","1.135","0.161","1.298","0.341","1.644","0.169","1.816","0.295","2.117","0.023","2.141","0.093","0.093","0.133","0.226","0.141","0.367","0.186","0.554","0.286","0.842","0.196","1.039","0.12","1.161","0.276","1.439","0.18","1.622","0.349","1.977","0.422","2.407","0.475","2.894"
"109","","","방축동","0.049","1.461","0.179","0.179","0.069","0.248","0.178","0.427","0.1","0.527","0.228","0.756","0.205","0.963","0.171","1.135","0.161","1.298","0.341","1.644","0.169","1.816","0.295","2.117","0.023","2.141","0.093","0.093","0.133","0.226","0.141","0.367","0.186","0.554","0.286","0.842","0.196","1.039","0.12","1.161","0.276","1.439","0.18","1.622","0.349","1.977","0.422","2.407","0.475","2.894"
"110","","","박촌동","0.047","0.696","0.081","0.081","0.077","0.158","0.122","0.28","0.06","0.34","0.292","0.633","0.113","0.747","0.517","1.267","0.103","1.371","0.299","1.674","0.33","2.01","0.173","2.187","0.305","2.499","0.085","0.085","0.154","0.239","0.14","0.379","0.274","0.654","0.343","1","0.172","1.173","0.404","1.582","0.487","2.076","0.242","2.323","0.262","2.591","0.435","3.038","0.806","3.868"
"111","","","동양동","0.047","0.696","0.081","0.081","0.077","0.158","0.122","0.28","0.06","0.34","0.292","0.633","0.113","0.747","0.517","1.267","0.103","1.371","0.299","1.674","0.33","2.01","0.173","2.187","0.305","2.499","0.085","0.085","0.154","0.239","0.14","0.379","0.274","0.654","0.343","1","0.172","1.173","0.404","1.582","0.487","2.076","0.242","2.323","0.262","2.591","0.435","3.038","0.806","3.868"
"112","","","귤현동","0.047","0.696","0.081","0.081","0.077","0.158","0.122","0.28","0.06","0.34","0.292","0.633","0.113","0.747","0.517","1.267","0.103","1.371","0.299","1.674","0.33","2.01","0.173","2.187","0.305","2.499","0.085","0.085","0.154","0.239","0.14","0.379","0.274","0.654","0.343","1","0.172","1.173","0.404","1.582","0.487","2.076","0.242","2.323","0.262","2.591","0.435","3.038","0.806","3.868"
"113","","","상야동","0.066","1.353","0.138","0.138","0.051","0.189","0.117","0.306","0.02","0.326","0.288","0.615","0.102","0.718","0","0.718","0.089","0.807","0.041","0.848","0.19","1.04","0.331","1.375","0.091","1.467","0.043","0.043","0.033","0.077","0.148","0.225","0.178","0.403","0.316","0.72","0.118","0.839","0.348","1.19","0.179","1.371","0.286","1.661","0.221","1.885","0.445","2.338","0.315","2.66"
"114","","","하야동","0.066","1.353","0.138","0.138","0.051","0.189","0.117","0.306","0.02","0.326","0.288","0.615","0.102","0.718","0","0.718","0.089","0.807","0.041","0.848","0.19","1.04","0.331","1.375","0.091","1.467","0.043","0.043","0.033","0.077","0.148","0.225","0.178","0.403","0.316","0.72","0.118","0.839","0.348","1.19","0.179","1.371","0.286","1.661","0.221","1.885","0.445","2.338","0.315","2.66"
"115","","","평동","0.066","1.353","0.138","0.138","0.051","0.189","0.117","0.306","0.02","0.326","0.288","0.615","0.102","0.718","0","0.718","0.089","0.807","0.041","0.848","0.19","1.04","0.331","1.375","0.091","1.467","0.043","0.043","0.033","0.077","0.148","0.225","0.178","0.403","0.316","0.72","0.118","0.839","0.348","1.19","0.179","1.371","0.286","1.661","0.221","1.885","0.445","2.338","0.315","2.66"
"116","","","노오지동","0.066","1.353","0.138","0.138","0.051","0.189","0.117","0.306","0.02","0.326","0.288","0.615","0.102","0.718","0","0.718","0.089","0.807","0.041","0.848","0.19","1.04","0.331","1.375","0.091","1.467","0.043","0.043","0.033","0.077","0.148","0.225","0.178","0.403","0.316","0.72","0.118","0.839","0.348","1.19","0.179","1.371","0.286","1.661","0.221","1.885","0.445","2.338","0.315","2.66"
"117","","","선주지동","0.031","0.562","0.088","0.088","0.018","0.106","0.191","0.297","0.068","0.365","0.228","0.594","0.084","0.679","0.105","0.785","0.228","1.015","0.321","1.339","0.06","1.4","0.346","1.75","0.052","1.803","0.003","0.003","0.159","0.162","0.103","0.265","0.225","0.491","0.336","0.829","0.245","1.076","0.26","1.339","0.056","1.396","0.524","1.928","0.101","2.031","0.382","2.421","0.431","2.862"
"118","","","이화동","0.031","0.562","0.088","0.088","0.018","0.106","0.191","0.297","0.068","0.365","0.228","0.594","0.084","0.679","0.105","0.785","0.228","1.015","0.321","1.339","0.06","1.4","0.346","1.75","0.052","1.803","0.003","0.003","0.159","0.162","0.103","0.265","0.225","0.491","0.336","0.829","0.245","1.076","0.26","1.339","0.056","1.396","0.524","1.928","0.101","2.031","0.382","2.421","0.431","2.862"
"119","","","오류동","0.031","0.562","0.088","0.088","0.018","0.106","0.191","0.297","0.068","0.365","0.228","0.594","0.084","0.679","0.105","0.785","0.228","1.015","0.321","1.339","0.06","1.4","0.346","1.75","0.052","1.803","0.003","0.003","0.159","0.162","0.103","0.265","0.225","0.491","0.336","0.829","0.245","1.076","0.26","1.339","0.056","1.396","0.524","1.928","0.101","2.031","0.382","2.421","0.431","2.862"
"120","","","갈현동","0.031","0.562","0.088","0.088","0.018","0.106","0.191","0.297","0.068","0.365","0.228","0.594","0.084","0.679","0.105","0.785","0.228","1.015","0.321","1.339","0.06","1.4","0.346","1.75","0.052","1.803","0.003","0.003","0.159","0.162","0.103","0.265","0.225","0.491","0.336","0.829","0.245","1.076","0.26","1.339","0.056","1.396","0.524","1.928","0.101","2.031","0.382","2.421","0.431","2.862"
"121","","","둑실동","0.059","0.928","0.003","0.003","0.091","0.094","0.132","0.226","0.024","0.25","0.164","0.415","0.092","0.507","0.009","0.516","0.216","0.733","0.173","0.906","0.428","1.338","0.253","1.595","0.013","1.608","0.118","0.118","0.01","0.128","0.074","0.202","0.219","0.421","0.125","0.547","0.286","0.834","0.105","0.94","0.209","1.151","0.355","1.51","0.138","1.649","0.467","2.125","0.363","2.495"
"122","","","목상동","0.059","0.928","0.003","0.003","0.091","0.094","0.132","0.226","0.024","0.25","0.164","0.415","0.092","0.507","0.009","0.516","0.216","0.733","0.173","0.906","0.428","1.338","0.253","1.595","0.013","1.608","0.118","0.118","0.01","0.128","0.074","0.202","0.219","0.421","0.125","0.547","0.286","0.834","0.105","0.94","0.209","1.151","0.355","1.51","0.138","1.649","0.467","2.125","0.363","2.495"
"123","","","다남동","0.003","0.872","0.043","0.043","0.015","0.058","0.157","0.215","0","0.215","0.276","0.492","0.114","0.607","0.342","0.951","0.253","1.206","0.159","1.367","0.019","1.386","0.162","1.55","0.08","1.631","0.029","0.029","0.052","0.081","0.19","0.271","0.026","0.296","0.284","0.581","0.1","0.681","0.115","0.797","0.141","0.939","0.214","1.155","0.316","1.475","0.422","1.903","0.381","2.292"
"124","","","장기동","0.047","0.696","0.081","0.081","0.077","0.158","0.122","0.28","0.06","0.34","0.292","0.633","0.113","0.747","0.517","1.267","0.103","1.371","0.299","1.674","0.33","2.01","0.173","2.187","0.305","2.499","0.085","0.085","0.154","0.239","0.14","0.379","0.274","0.654","0.343","1","0.172","1.173","0.404","1.582","0.487","2.076","0.242","2.323","0.262","2.591","0.435","3.038","0.806","3.868"
"125","","서구","","0.076","2.071","0.14","0.14","0.286","0.427","0.251","0.678","0.155","0.834","0.306","1.143","0.32","1.467","0.352","1.824","0.267","2.095","0.348","2.451","0.377","2.838","0.244","3.089","0.245","3.341","0.261","0.261","0.231","0.493","0.303","0.798","0.294","1.095","0.319","1.417","0.36","1.782","0.265","2.052","0.205","2.261","0.46","2.731","0.453","3.196","0.418","3.627","0.21","3.845"
"126","","","백석동","0.021","3.029","0.065","0.065","0.288","0.353","0.037","0.39","0.191","0.582","0.316","0.9","0.262","1.164","0.147","1.313","1.629","2.963","-0.073","2.888","0.405","3.305","0.21","3.522","0.191","3.72","0.217","0.217","0.154","0.371","0.291","0.663","0.33","0.996","0.178","1.176","0.4","1.581","0.753","2.345","0.583","2.942","1.117","4.092","1.996","6.169","0.317","6.506","0.089","6.6"
"127","","","시천동","0.021","3.029","0.065","0.065","0.288","0.353","0.037","0.39","0.191","0.582","0.316","0.9","0.262","1.164","0.147","1.313","1.629","2.963","-0.073","2.888","0.405","3.305","0.21","3.522","0.191","3.72","0.217","0.217","0.154","0.371","0.291","0.663","0.33","0.996","0.178","1.176","0.4","1.581","0.753","2.345","0.583","2.942","1.117","4.092","1.996","6.169","0.317","6.506","0.089","6.6"
"128","","","검암동","0.021","3.029","0.065","0.065","0.288","0.353","0.037","0.39","0.191","0.582","0.316","0.9","0.262","1.164","0.147","1.313","1.629","2.963","-0.073","2.888","0.405","3.305","0.21","3.522","0.191","3.72","0.217","0.217","0.154","0.371","0.291","0.663","0.33","0.996","0.178","1.176","0.4","1.581","0.753","2.345","0.583","2.942","1.117","4.092","1.996","6.169","0.317","6.506","0.089","6.6"
"129","","","경서동","0.076","2.439","0.151","0.151","0.381","0.533","0.302","0.836","0.098","0.935","0.271","1.209","0.096","1.306","0.375","1.686","0.268","1.959","0.42","2.387","0.141","2.531","0.174","2.71","0.246","2.963","0.252","0.252","0.255","0.508","0.346","0.855","0.294","1.152","0.387","1.543","0.409","1.958","0.305","2.269","0.05","2.32","0.264","2.59","0.317","2.915","0.984","3.928","0.219","4.155"
"130","","","공촌동","0.244","3.109","0.097","0.097","0.478","0.576","0.285","0.862","0.064","0.927","0.187","1.115","0.26","1.379","1.462","2.861","0.191","3.058","0.527","3.6","0.222","3.831","0.404","4.251","0.24","4.501","0.127","0.127","0.3","0.428","0.252","0.681","0.154","0.835","0.42","1.259","0.298","1.561","0.672","2.243","0","2.243","0.024","2.268","0.025","2.294","0.251","2.551","0.313","2.871"
"131","","","연희동","0.244","3.109","0.097","0.097","0.478","0.576","0.285","0.862","0.064","0.927","0.187","1.115","0.26","1.379","1.462","2.861","0.191","3.058","0.527","3.6","0.222","3.831","0.404","4.251","0.24","4.501","0.127","0.127","0.3","0.428","0.252","0.681","0.154","0.835","0.42","1.259","0.298","1.561","0.672","2.243","0","2.243","0.024","2.268","0.025","2.294","0.251","2.551","0.313","2.871"
"132","","","심곡동","0.244","3.109","0.097","0.097","0.478","0.576","0.285","0.862","0.064","0.927","0.187","1.115","0.26","1.379","1.462","2.861","0.191","3.058","0.527","3.6","0.222","3.831","0.404","4.251","0.24","4.501","0.127","0.127","0.3","0.428","0.252","0.681","0.154","0.835","0.42","1.259","0.298","1.561","0.672","2.243","0","2.243","0.024","2.268","0.025","2.294","0.251","2.551","0.313","2.871"
"133","","","가정동","0.112","3.319","0.107","0.107","0.138","0.245","0.167","0.413","0.228","0.641","0.477","1.122","0.058","1.181","0.773","1.963","0.373","2.343","0.475","2.83","0.28","3.118","0.057","3.176","0.382","3.571","0.193","0.193","0.247","0.441","0.36","0.802","0.292","1.097","0.183","1.282","0.434","1.722","0.396","2.125","0.233","2.363","0.458","2.832","0.939","3.797","0.132","3.934","0.544","4.499"
"134","","","신현동","0.042","1.32","0.098","0.098","0.171","0.269","0.202","0.472","0.098","0.571","0.302","0.875","0.44","1.318","-0.018","1.3","-0.093","1.206","0.154","1.362","0.65","2.021","0.341","2.369","0.221","2.595","0.15","0.15","0.143","0.293","0.309","0.603","0.281","0.886","0.372","1.261","0.254","1.518","0","1.518","0.275","1.798","0.5","2.306","0","2.306","0.195","2.506","0.18","2.69"
"135","","","석남동","0.041","1.47","0.085","0.085","0.274","0.359","0.159","0.519","0.071","0.59","0.164","0.755","0.793","1.553","0.415","1.975","0.151","2.129","0.605","2.747","0.344","3.101","0.401","3.515","0.161","3.681","0.32","0.32","0.234","0.555","0.398","0.955","0.291","1.249","0.465","1.72","0.37","2.096","0.128","2.227","0.744","2.988","1.135","4.156","0.648","4.831","1.224","6.114","0.299","6.431"
"136","","","원창동","0.042","1.32","0.098","0.098","0.171","0.269","0.202","0.472","0.098","0.571","0.302","0.875","0.44","1.318","-0.018","1.3","-0.093","1.206","0.154","1.362","0.65","2.021","0.341","2.369","0.221","2.595","0.15","0.15","0.143","0.293","0.309","0.603","0.281","0.886","0.372","1.261","0.254","1.518","0","1.518","0.275","1.798","0.5","2.306","0","2.306","0.195","2.506","0.18","2.69"
"137","","","가좌동","0.048","1.387","0.068","0.068","0.119","0.187","0.459","0.647","0.341","0.99","0.159","1.15","0.394","1.549","0.367","1.922","0.543","2.476","0.812","3.307","0.837","4.172","0.187","4.367","0.32","4.701","0.364","0.364","0.191","0.556","0.14","0.696","0.323","1.021","0.146","1.169","0.544","1.719","0.347","2.073","0.169","2.245","0.855","3.12","0.635","3.775","0.178","3.96","0.194","4.161"
"138","","","마전동","0.042","1.936","0.281","0.281","0.563","0.846","0.242","1.09","0.184","1.275","0.466","1.747","0.424","2.179","0.032","2.212","0.157","2.373","-0.02","2.353","0.221","2.579","0.169","2.752","0.298","3.058","0.339","0.339","0.191","0.532","0.338","0.871","0.488","1.364","0.425","1.794","0.159","1.956","0.003","1.959","0.16","2.122","0.606","2.741","0.461","3.214","0.014","3.229","0.082","3.313"
"139","","","당하동","0.042","1.936","0.281","0.281","0.563","0.846","0.242","1.09","0.184","1.275","0.466","1.747","0.424","2.179","0.032","2.212","0.157","2.373","-0.02","2.353","0.221","2.579","0.169","2.752","0.298","3.058","0.339","0.339","0.191","0.532","0.338","0.871","0.488","1.364","0.425","1.794","0.159","1.956","0.003","1.959","0.16","2.122","0.606","2.741","0.461","3.214","0.014","3.229","0.082","3.313"
"140","","","원당동","0.104","2.268","0.067","0.067","0.174","0.241","0.127","0.368","0.299","0.667","0.118","0.786","0.628","1.42","0.094","1.514","-0.045","1.468","0.293","1.766","0.344","2.116","0.093","2.211","0.196","2.411","0.436","0.436","0.256","0.694","0.283","0.978","0.096","1.075","0.162","1.239","0.563","1.808","0","1.808","0.221","2.034","0","2.034","0.759","2.808","0","2.808","0.149","2.961"
"141","","","대곡동","0.055","1.827","0.343","0.343","0.333","0.677","0.324","1.002","0.037","1.039","0.007","1.046","0.518","1.57","0.211","1.784","0.103","1.889","0.258","2.152","0.443","2.605","0.108","2.716","0.234","2.955","0.253","0.253","0.323","0.578","0.354","0.934","0.324","1.261","0.26","1.524","0.3","1.829","0.29","2.124","0.074","2.2","0.094","2.296","0.183","2.483","0.159","2.646","0.185","2.837"
"142","","","금곡동","0.055","1.827","0.343","0.343","0.333","0.677","0.324","1.002","0.037","1.039","0.007","1.046","0.518","1.57","0.211","1.784","0.103","1.889","0.258","2.152","0.443","2.605","0.108","2.716","0.234","2.955","0.253","0.253","0.323","0.578","0.354","0.934","0.324","1.261","0.26","1.524","0.3","1.829","0.29","2.124","0.074","2.2","0.094","2.296","0.183","2.483","0.159","2.646","0.185","2.837"
"143","","","오류동","0.078","1.943","0.222","0.222","0.14","0.362","0.13","0.493","0.151","0.644","0.744","1.393","0.142","1.537","0.346","1.889","0.172","2.063","0.217","2.285","0.344","2.637","0.396","3.044","0.197","3.246","0.28","0.28","0.309","0.589","0.314","0.905","0.291","1.198","0.276","1.478","0.251","1.732","0.293","2.03","0.17","2.204","0.096","2.301","0.114","2.418","0.253","2.677","0.216","2.899"
"144","","","왕길동","0.078","1.943","0.222","0.222","0.14","0.362","0.13","0.493","0.151","0.644","0.744","1.393","0.142","1.537","0.346","1.889","0.172","2.063","0.217","2.285","0.344","2.637","0.396","3.044","0.197","3.246","0.28","0.28","0.309","0.589","0.314","0.905","0.291","1.198","0.276","1.478","0.251","1.732","0.293","2.03","0.17","2.204","0.096","2.301","0.114","2.418","0.253","2.677","0.216","2.899"
"145","","","불로동","0.104","2.268","0.067","0.067","0.174","0.241","0.127","0.368","0.299","0.667","0.118","0.786","0.628","1.42","0.094","1.514","-0.045","1.468","0.293","1.766","0.344","2.116","0.093","2.211","0.196","2.411","0.436","0.436","0.256","0.694","0.283","0.978","0.096","1.075","0.162","1.239","0.563","1.808","0","1.808","0.221","2.034","0","2.034","0.759","2.808","0","2.808","0.149","2.961"
"146","","강화군","","0.129","1.096","0.126","0.126","0.224","0.351","0.26","0.611","0.342","0.956","0.211","1.168","0.294","1.466","0.332","1.803","0.279","2.086","0.247","2.338","0.154","2.496","0.154","2.654","-","-","-","-","-","-","-","-","-","-","-","-","-","-","0.305","2.269","0.05","2.32","0.264","2.59","0.317","2.915","0.984","3.928","0.219","4.155"
"147","","","강화읍","0.21","2.254","0.023","0.023","0.41","0.433","0.413","0.848","0.162","1.012","0.384","1.4","0.495","1.902","0.342","2.25","0.34","2.598","0.513","3.123","0.088","3.214","0.067","3.283","0.144","2.801","0.131","0.131","0.126","0.257","0.172","0.429","0.308","0.738","0.341","1.082","0.417","1.504","0.457","1.967","0.383","2.358","0.339","2.705","0.428","3.144","0.333","3.488","0.238","3.734"
"148","","","선원면","0.139","2.143","0.094","0.094","0.142","0.236","0.261","0.497","0.274","0.773","0.146","0.92","0.247","1.169","0.425","1.6","0.381","1.987","0.28","2.273","0.335","2.615","0.302","2.925","0.009","3.292","0.063","0.063","0.179","0.242","0.218","0.46","0.275","0.736","0.408","1.147","0.631","1.785","0.493","2.287","0.507","2.806","0.324","3.139","0.406","3.557","0.165","3.728","0.315","4.055"
"149","","","불은면","0.187","1.088","0.109","0.109","0.37","0.479","0.12","0.6","0.336","0.938","0.134","1.074","0.314","1.391","0.394","1.791","0.255","2.05","0.096","2.148","0.193","2.346","0.172","2.521","0.099","3.027","0.247","0.247","0.388","0.636","0.203","0.84","0.357","1.2","0.25","1.453","0.485","1.945","0.364","2.317","0.532","2.861","0.438","3.312","0.382","3.707","0.28","3.997","0.279","4.287"
"150","","","길상면","0.124","1.021","0.171","0.171","0.131","0.302","0.153","0.455","0.339","0.796","0.267","1.065","0.204","1.27","0.394","1.67","0.088","1.76","0.213","1.977","0.024","2.002","0.194","2.199","0.196","2.722","0.129","0.129","0.083","0.213","0.243","0.457","0.234","0.692","0.301","0.995","0.394","1.392","0.358","1.756","0.428","2.191","0.269","2.466","0.504","2.982","0.448","3.444","0.211","3.662"
"151","","","화도면","0.103","1.021","0.157","0.157","0.123","0.28","0.276","0.556","0.229","0.787","0.24","1.029","0.202","1.233","0.317","1.553","0.271","1.828","0.33","2.164","0.266","2.435","0.17","2.609","0.24","2.445","0.239","0.239","0.045","0.284","0.276","0.561","0.184","0.746","0.189","0.936","0.165","1.103","0.535","1.644","0.09","1.735","0.38","2.122","0.238","2.365","0.479","2.856","0.194","3.055"
"152","","","양도면","0.157","1.539","0.125","0.125","-0.001","0.124","0.1","0.224","0.275","0.499","0.161","0.661","0.159","0.821","0.29","1.113","0.411","1.529","0.148","1.679","0.173","1.855","0.104","1.961","0.156","2.769","0.105","0.105","0.037","0.142","0.038","0.18","0.142","0.322","0.2","0.522","0.227","0.75","0.56","1.314","0.414","1.734","0.482","2.224","0.716","2.956","0.518","3.49","0.425","3.929"
"153","","","내가면","0.18","0.966","0.368","0.368","0.206","0.575","0.322","0.898","0.342","1.244","0.218","1.464","0.423","1.894","0.27","2.169","0.315","2.491","0.236","2.732","0.16","2.897","0.116","3.017","0.177","2.142","0.054","0.054","0.035","0.089","0.031","0.12","0.23","0.351","0.17","0.522","0.139","0.662","0.558","1.224","0.452","1.681","0.201","1.886","0.847","2.749","0.238","2.993","0.054","3.049"
"154","","","하점면","-0.034","-0.033","0.01","0.01","0.066","0.076","-0.355","-0.279","0.09","-0.189","-0.485","-0.673","-0.274","-0.945","0.046","-0.899","0.338","-0.564","0.286","-0.28","0.145","-0.135","0.138","0.003","0.113","3.133","0.068","0.068","0.152","0.22","0.21","0.43","0.246","0.677","0.274","0.952","0.254","1.209","0.227","1.438","0.232","1.673","0.105","1.78","0.355","2.141","0.192","2.337","0.158","2.499"
"155","","","양사면","0.098","-0.252","0.073","0.073","0.053","0.126","-0.225","-0.1","0.434","0.334","0.113","0.447","-0.316","0.129","0.38","0.51","0.245","0.755","-0.082","0.672","0.034","0.706","0.088","0.795","0.076","0.079","0.111","0.111","0.198","0.309","0.216","0.526","0.252","0.779","0.123","0.903","0.137","1.041","0.271","1.314","0.493","1.814","0.202","2.02","0.205","2.229","0.282","2.517","0.157","2.678"
"156","","","송해면","-0.146","0.174","0.066","0.066","0.307","0.374","0.279","0.654","0.241","0.896","0.387","1.287","0.531","1.825","0.35","2.181","0.206","2.391","0.315","2.714","0.092","2.808","0.088","2.898","0.086","0.882","0.091","0.091","0.238","0.33","0.201","0.532","0.62","1.155","0.862","2.026","1.016","3.063","0.458","3.535","0.33","3.877","0.064","3.943","0.163","4.113","0.259","4.382","0.085","4.471"
"157","","","교동면","0.161","0.312","0.158","0.158","0.266","0.424","0.263","0.689","0.278","0.968","-0.014","0.954","0.016","0.97","0.188","1.16","0.08","1.241","-0.251","0.986","0.039","1.025","0.058","1.084","0.048","2.947","-0.08","-0.08","0.041","-0.039","0.163","0.124","0.807","0.932","0.749","1.688","0.849","2.551","0.346","2.906","0.447","3.366","0.129","3.499","0.282","3.791","0.205","4.004","0.111","4.12"
"158","","","삼산면","0.177","0.762","0.197","0.197","0.559","0.757","1.446","2.214","1.437","3.682","0.71","4.418","1.292","5.767","0.454","6.247","0.538","6.819","0.526","7.381","0.372","7.78","0.314","8.119","0.099","1.184","0.007","0.007","-0.078","-0.071","0.12","0.049","0.881","0.93","0.982","1.921","1.137","3.08","0.95","4.058","0.727","4.815","0.692","5.54","0.676","6.254","0.52","6.806","0.413","7.247"
"159","","","서도면","0.048","0.577","0.118","0.118","0.061","0.179","-0.196","-0.017","0.141","0.124","0.179","0.303","0.153","0.457","0.114","0.572","0.361","0.935","0.161","1.097","0.196","1.295","0.079","1.375","0.325","8.47","0.373","0.373","0.307","0.681","0","0.681","0.165","0.847","0.297","1.146","0.277","1.426","0.202","1.631","0.179","1.813","0.55","2.373","0.27","2.65","0.212","2.868","0.306","3.182"
"160","","옹진군","","-0.103","0.95","-0.092","-0.092","-0.025","-0.117","0.566","0.448","0.184","0.634","0.189","0.824","0.173","0.998","0.197","1.197","0.152","1.351","0.146","1.5","0.061","1.562","0.2","1.765","0.152","1.529","0.126","0.126","0.275","0.402","0.188","0.591","0.122","0.714","0.069","0.784","0.154","0.939","0.196","1.137","0.174","1.313","0.17","1.486","0.06","1.547","0.187","1.737","0.099","1.837"
"161","","","북도면","-0.124","1.117","-0.115","-0.115","-0.1","-0.215","0.19","-0.026","0.226","0.2","0.209","0.41","0.401","0.812","0.138","0.951","0.161","1.113","0.216","1.332","0.414","1.751","0.358","2.116","0.184","1.952","0.032","0.032","0.184","0.216","0.167","0.383","0.189","0.572","0.154","0.728","0.168","0.896","0.164","1.062","0.148","1.212","0.339","1.554","0.306","1.866","0.151","2.02","0.235","2.259"
"162","","","백령면","-0.106","0.796","-0.049","-0.049","-0.081","-0.13","0.059","-0.071","0.074","0.003","-0.098","-0.095","-0.088","-0.183","0.018","-0.165","-0.122","-0.287","-0.169","-0.455","-0.142","-0.597","0.276","-0.322","0.128","2.247","0.077","0.077","0.115","0.193","0.169","0.362","0.182","0.545","0.177","0.724","0.178","0.903","0.04","0.943","0.265","1.21","0.456","1.672","0.395","2.073","-0.178","1.891","-0.219","1.668"
"163","","","대청면","-0.074","0.679","-0.067","-0.067","0","-0.067","0.082","0.015","0.013","0.028","-0.209","-0.181","-0.128","-0.309","0.068","-0.241","-0.122","-0.363","-0.05","-0.413","-0.064","-0.477","0.147","-0.331","0.24","-0.083","0.051","0.051","0.114","0.165","0.161","0.327","0.128","0.455","0.155","0.61","0.137","0.748","-0.089","0.659","0.427","1.089","0.86","1.959","0.823","2.798","0.237","3.042","1.075","4.15"
"164","","","덕적면","-0.157","0.656","-0.064","-0.064","0.068","0.004","0.082","0.086","0.135","0.221","0.176","0.398","-0.031","0.367","0.29","0.658","-0.027","0.631","-0.092","0.539","0.193","0.733","-0.083","0.65","0.101","-0.23","0.218","0.218","-0.027","0.191","0.126","0.317","0.125","0.442","0.061","0.504","0.113","0.617","0.016","0.633","-0.428","0.203","0.027","0.23","0.549","0.78","0.903","1.69","0.345","2.041"
"165","","","영흥면","-0.101","0.963","-0.094","-0.094","0.017","-0.077","0.888","0.81","0.196","1.007","0.215","1.224","0.108","1.333","0.245","1.582","0.199","1.784","0.176","1.963","-0.13","1.831","0.134","1.967","0.187","0.838","0.006","0.006","0.067","0.073","0.172","0.244","0.123","0.368","0.131","0.499","0.123","0.622","0.379","1.003","-0.266","0.734","0.414","1.151","0.428","1.584","0.999","2.599","1.013","3.638"
"166","","","자월면","0.074","0.23","-0.011","-0.011","0.093","0.082","-0.004","0.078","-0.013","0.065","0.242","0.307","0.055","0.362","0.194","0.557","0.097","0.655","-0.038","0.617","0.275","0.893","0.175","1.07","0.204","2.175","0.006","0.006","0.246","0.252","0.17","0.422","0.211","0.634","0.153","0.788","0.175","0.964","0.245","1.212","0.112","1.326","0.213","1.541","0.202","1.746","0.223","1.973","0.272","2.25"
"167","","","연평면","-0.083","0.105","-0.025","-0.025","-0.086","-0.111","0.822","0.71","0.081","0.792","-0.046","0.746","0.041","0.787","0","0.787","-0.129","0.657","0.071","0.728","0","0.728","0.109","0.838","0.223","1.296","0.036","0.036","0.128","0.165","0.117","0.282","0.119","0.401","0.082","0.483","0.119","0.603","0.163","0.766","0.081","0.848","0.776","1.631","0.146","1.779","0.446","2.232","0.716","2.964"
"168","","","","","","","","","","","","","","","","","","","","","","","","","","","","0.326","1.166","0.063","0.063","0.059","0.123","0.123","0.245","0.123","0.369","0.056","0.425","0.113","0.539","-0.136","0.403","-0.228","0.174","-0.566","-0.393","0.846","0.45","0.259","0.71","1.842","2.565"
